text,,,,,,,,,,,,,,
Kita wfh.. tp feeling kerja kat rumah ngan ofis lain weh.. kalau kat rumah feel nak rehat.. chill2.. tp tkleh sbb ada je,,,,,,,,,,,,,,
rasanya ni option terbaik utk kurangkan jammed. atleast buat hybrid mode pun okay. sebab byk company boleh apply wfh ni,,,,,,,,,,,,,,
Haritu ramai nau marah jln tutup mgkn dorg bkn duk KL kot ????,,,,,,,,,,,,,,
"""hmmmm xjem ghupenye, sebelum ASEAN summit lebih kuah dari sudu yg meroyan dkat fyp ak :/""",,,,,,,,,,,,,,
"""Hahahahah. Samalah. Selalu 10km drive took me 35-40mins jugak daily. Skrg 15mins je dah smpi opis. Tu pun sbb “sangkut”",,,,,,,,,,,,,,
"""Boss, manager mesti sakit hati sebab dengki staf bawahan wfh""",,,,,,,,,,,,,,
I bosan dok kl da.rasa klua.tp kawin ngan org kl yg susah nk klua ??,,,,,,,,,,,,,,
kan..aku sokong kalau tiap2 hari persidangan ni buat kt malaysia..????..pergi balik kerja tanpa jem..nikmatnyeee,,,,,,,,,,,,,,
Yee weyh ?? lancar je pergi balik keje.. gonna miss you Asean Summit 46 ?? jemput la buat lg next time ?? abaikan walaun yg,,,,,,,,,,,,,,
"""Sebenarnya bolh je WFH, tp management je mengada nak juga suruh masuk office. Apa yg dorg takut pun tak tau lah. ??""",,,,,,,,,,,,,,
Jalan sultan ismail biasanya tutup brape? Esok dh masuk ofis ni,,,,,,,,,,,,,,
ksian org kL,,,,,,,,,,,,,,
Bulan 11 nanti ad lagi,,,,,,,,,,,,,,
SAYA SAMPAI OFIS 30 MINS YA ALLAH SERONOK ??,,,,,,,,,,,,,,
"""duk cheras keje cyberjaya. lalu MRR2- sungai besi- Mex highway, selalu hampir sejam. ASEAN punye pasal,tak sampai 30min",,,,,,,,,,,,,,
best jg bole wfh..buat selalu la ttp jalan tu ??,,,,,,,,,,,,,,
huyo SPE ~,,,,,,,,,,,,,,
Kau Tau x berapa kos toll highway ni? boleh claim company ok la,,,,,,,,,,,,,,
aah. hari2 pun blh. dpt la WFH haha Khms ni dh kena masuk opis balik ??,,,,,,,,,,,,,,
Betul.. Buat la ASEAN tu hari2.. Sbb skrg sya lebih seronok keje kat rumah tanpa perlu jumpa org Kat office.. Energy sel,,,,,,,,,,,,,,
Seminggu ni jalan tak jem mcm tk percaya ???? Alhamdulilah setakat ni blom sangkut lagi bila part jem time Asean ????,,,,,,,,,,,,,,
SPE mmg la x jem...,,,,,,,,,,,,,,
"""usually nak ke ofis (bandar utama from ampang) dalam 45-50mins. tp ASEAN ni, max 25 mins dh sampai ofis. bahagia betul",,,,,,,,,,,,,,
hari tu xsuka,,,,,,,,,,,,,,
Best kan... ??.. Buat la lg asean tu kan,,,,,,,,,,,,,,
saya suka je jln tutup sb blh dpt work from home,,,,,,,,,,,,,,
Habes dahhh.. esok jem balik huhuhu ??,,,,,,,,,,,,,,
"""Sebenarnya company boleh je suruh staff WFH, tapi itulah kena kerajaan suruh ????""",,,,,,,,,,,,,,
lapang jalan 2 3 hari ni,,,,,,,,,,,,,,
teringat zaman PKP..,,,,,,,,,,,,,,
aq klu x jem 15 minit je smpi opis tp klu jem 30 minit.. haha..,,,,,,,,,,,,,,
kannn.... best takde jem... 50min jadi 15min.. ????..but... minggu depan back to 50min ????,,,,,,,,,,,,,,
Start esok padat balik...semua masuk office semula...,,,,,,,,,,,,,,
office saya kasi work from home ??,,,,,,,,,,,,,,
setuju. . sebenarnya boleh jek lah malaysia ni tak jem ??????????,,,,,,,,,,,,,,
Jalan xjem xdenye maju KL tu der,,,,,,,,,,,,,,
yg mana wfh tu teruskan je la..haha..sya dh happy ni..dri senawang ke bangsar south 1 jam je..haha,,,,,,,,,,,,,,
jangan banyak kali.... penat standby huhuhu,,,,,,,,,,,,,,
ok,,,,,,,,,,,,,,
IKR!!,,,,,,,,,,,,,,
Hahahah samee. I also said the same things to my colleaguess. Another reason sampai rumah awal..,,,,,,,,,,,,,,
REPOST2,,,,,,,,,,,,,,
The best of KL - no cars,,,,,,,,,,,,,,
i feel uuuuu,,,,,,,,,,,,,,
Train lrt mrt extra sardin,,,,,,,,,,,,,,
"""not bad eh, easier for the essential workers too""",,,,,,,,,,,,,,
real 14&10??,,,,,,,,,,,,,,
????we have the same route??,,,,,,,,,,,,,,
"""bulan 10 ada lagi. stanby ?? , kemuncak asean""",,,,,,,,,,,,,,
Aku biasa 1 jam sejak2 asean ni 15 minit sampai??,,,,,,,,,,,,,,
company suruh wfh 3 hari ?????. Enjoy ur clear road~~,,,,,,,,,,,,,,
Aku paling suke klu malaysia buat event2 besar nie..xserabut tgok jem sana sini wei jln clear..tenang doh tgok..buat la,,,,,,,,,,,,,,
"""Best dari seremban ke damansara 45 minit je ?????????? Kalau tak, 2 jam x lari laaaa""",,,,,,,,,,,,,,
means byk je company bole wfh kannnn tpi tknk buat sbb tk produktif katanya lah??,,,,,,,,,,,,,,
"""Kak nak tya, best x duduk kl,sbb saya cadang nak kerja di bandar.""",,,,,,,,,,,,,,
xboleh....bisnis rumah urut sy xmasyuk??????????,,,,,,,,,,,,,,
Kann helok pulak kejadiannye,,,,,,,,,,,,,,
sound pon...??????,,,,,,,,,,,,,,
Mana compny yg bole hybrid or WFH baik truskan.Alhamdulillah yg bawa motor pun rasa tenang.??,,,,,,,,,,,,,,
cuti sekolah yg x dirancang je boleh jd mcm ni. next time jgn harap,,,,,,,,,,,,,,
Byk company wfh..sbb tu lapang,,,,,,,,,,,,,,
memang la dah work from home . cuba kalau kerajaan xbagi??,,,,,,,,,,,,,,
Adoii sbb ramai wfh la tak jem ??,,,,,,,,,,,,,,
"""kitonyo expect jem sebab fyp dok meroyan jem2 sebelum summit tu, kita pun decide bercuti luar KL. now i alls bosannnnn",,,,,,,,,,,,,,
Sbb bnyk compny bg wfh..org mrah sbb xnk jd mcm yg china dtg haritu..berejam kena sidai dan xde wfh,,,,,,,,,,,,,,
betul itu. Kerja di rmh byk iklan. Sekurang2nya di office ada semangat sikit. Kalau WFH blm tentu kau mandi awal pg ahah,,,,,,,,,,,,,,
Wei.. tadi bangun pas subuh.. tido balik.. sedar2 kul 8.. melompat bangun lapor diri dlm group ofis.. dgn muka toye gitu,,,,,,,,,,,,,,
Ahhaha jadi malas2 gittew ????????,,,,,,,,,,,,,,
Betul sgt wei.. pastu sambil2 wat kerja buka netflix.. sbb tak nak sunyi sgt..,,,,,,,,,,,,,,
????????????,,,,,,,,,,,,,,
Pastu manjang lapooorrrr la haaaiii klau dok umah ??,,,,,,,,,,,,,,
Kita dah panaskan nasi dan lauk mlm tadi wei.. sambil2 meeting online.. buka je speaker.. tuan badan kat dapur.. bila na,,,,,,,,,,,,,,
Hahahaaaaa?????? haaaaa sambil nyidai kain pon ya ek,,,,,,,,,,,,,,
"""betul, lain rasanya..badan rasa ringan je nak campak atas katil ke, sofa ke ??""",,,,,,,,,,,,,,
Yg paling best.. mulut asyik mengunyah je.. sakit pinggang duduk kat kerusi.. g landing sofa jap.. last2 masuk bilik bar,,,,,,,,,,,,,,
"""samaaa nak g ofis actually dah kena paksa wfh. Tak jalan kerja dok umah, nampak rambut gugur g menyapu plak ??""",,,,,,,,,,,,,,
Kan.. dah la skrg cuaca panas wei.. siap pasang kipas atas meja ngadap kita.. dah kipas siling tk rasa sgt anginnya..pas,,,,,,,,,,,,,,
benti la kerja bagi org yg nak kerja wfh,,,,,,,,,,,,,,
Uish.. mana boleh.. banyak komitmen kena tanggung.. ahaha.. btw.. hari ni dah masuk ofis balik dah.. happy working semua,,,,,,,,,,,,,,
"""Aku dkt 3 tahun wfh naik 7 kilo badan...buat kerja ada air, mknan sblh laptop. Nk top up sng je..pergi dapur..hmmm..skr",,,,,,,,,,,,,,
Ahaha.. rasa nyesal ke tak? Yg penting happy dlm bekerja.. g ofis kadang2 stress jem ye jugak..,,,,,,,,,,,,,,
sy pun xphm knape xbagi wfh. jimat masa utk org wfh..jimat masa jugak utk org yg kne pergi jugak kilang/ofis,,,,,,,,,,,,,,
"""Bcs bosses want to micro manage the staff. Tak percaya staff buat kerja. Bosses patut tgk result, staff deliver atau ta",,,,,,,,,,,,,,
Haishhhh…itu lah tu ??. Boss ni rindu jat staff mcm mak-ayah rindu kat anak ??. Klu boleh bio je depan mata.,,,,,,,,,,,,,,
org luar KL terkjut beruk dpt Tau jln tutup ??. orang yang lahir di KL dengar jln tutup je hanya balas : ohh . ??,,,,,,,,,,,,,,
?????? Itula dorg tgh byg shutdown mcm covid kot tren mrt semua xda,,,,,,,,,,,,,,
sbb bnyk company terpkse bg WFH ???? klo semua xbg ko ingt jalan KL xjem,,,,,,,,,,,,,,
So mksdnya benda boleh settle pn xdala smp bankrap,,,,,,,,,,,,,,
ko stu dua video ko dah sembang smua jalan ok ?????? yelah mat...trpling thu kan,,,,,,,,,,,,,,
Org yg setiap minggu depan rumah jalan tutup cuma balas ok. Tapi yg tak ok anak kena pdpr ??,,,,,,,,,,,,,,
bukan nya selalu kannn...,,,,,,,,,,,,,,
dapat wfh dari big boss tapi dipertikaikan oleh hr katanya rumah dalam kl kenapa nak wfh.,,,,,,,,,,,,,,
tu yg geng2 walanon xthu... ada company sruh naik public transport smta2 nk sruh staff msuk office ????,,,,,,,,,,,,,,
??????,,,,,,,,,,,,,,
kerja nak salahkan orang luar je ?????? padahal berlambak je orang KL mengeluh n complain. yang duk tanya laluan alternatif,,,,,,,,,,,,,,
okay Akaun private ?? nice try,,,,,,,,,,,,,,
wakakak salah satu lagi ciri ciri ….. ???? takde point pastu mula la cuba attack personal ?? apa kalau acc private terus in,,,,,,,,,,,,,,
Mmg la sbb rmi wfh. Klo x bising ingt sesenang compny nk bg wfg,,,,,,,,,,,,,,
Mmg krjaan suh wfh kan? Company mna yg dgr ckp org?,,,,,,,,,,,,,,
X semua compmy swasta pun wfh,,,,,,,,,,,,,,
Xpela ada option lain naik public transport. Ramai jgk yg wfh..klu putrajaya lg ramai kerja gomen yg xblh nk wfh,,,,,,,,,,,,,,
tu lah pasal yg marah2 tu bukan duk KL. ????,,,,,,,,,,,,,,
Sja tambah bara,,,,,,,,,,,,,,
kan. ????,,,,,,,,,,,,,,
bln 10 11 gitulah...masa tu lg lah si trump nak dtg,,,,,,,,,,,,,,
Bahagia hari ni pegi balik keje??,,,,,,,,,,,,,,
Mitak la krajaan bt hari2 persidangan ASEAN ni..bru la rileks skit nk bawak motor santai2,,,,,,,,,,,,,,
"""Haha.. Sepatutnya, jarak mmg dekat dan x mmbazir masa-Sepatutnya??""",,,,,,,,,,,,,,
betul weh....kul 8.00 keluar umah..8.20 dah sampai...tenang betul jalan....,,,,,,,,,,,,,,
Hi Cuba tengok bio sy,,,,,,,,,,,,,,
2 hari yang tenang. 10 mins sampai office.,,,,,,,,,,,,,,
Sama laa kat tol sg besi..heaven tul tak jem..kalau x lps tol je confirm 15minit stuck..tiap minggu buat asean summit pu,,,,,,,,,,,,,,
Company saya bagi staff WFO 2 hari setiap minggu okey je semua staff buat kerja??,,,,,,,,,,,,,,
Macam HSBC jer tempat kerjanya ????,,,,,,,,,,,,,,
kannnn... aritu gi jalan Sogo pun lengang.. xsesak... aman damai.. ??????,,,,,,,,,,,,,,
apa sebenarnya ASEAN ni? hari tu xi jin ping datang tak sesibuk ni kan?,,,,,,,,,,,,,,
"""Kannnnn , nak pergi urusan pi putrajaya pun 40minit je dri KL, syokkk ohh??""",,,,,,,,,,,,,,
ini menunjukan jumlah pekerja yg perlu WFH ramai dan dapat mengurang kan jem di jalan raya .. pekerja2 sektor lain boleh,,,,,,,,,,,,,,
"""Betul, pegi balik tenang je. Kita pegi blik keje awal. Sangat amann ??""",,,,,,,,,,,,,,
Tak ada lah road block mana pun??. Sedappp nya drive 2 hari dah haha,,,,,,,,,,,,,,
"""bulan 10 ade lagi kak, stembai yee ????""",,,,,,,,,,,,,,
"""Kan, atleast 3 hari in 2 hari wfh pun ok atau 4hari in 1wfh buat rombak dgan lain2 dept atleast kurang jem. Tapi tula t",,,,,,,,,,,,,,
"""Bygkan kalau semua company yg able buat gni, gilir2 staff tu wfh n yg lain masuk opis. Byk jem dpt dikurangkan. Duit po",,,,,,,,,,,,,,
Kan.. why not then kl pun xdala jem ni nk g ofis pun spend almost 2jam woah.. dah parking pastu naik lrt pulok??,,,,,,,,,,,,,,
naik train pun crowded gila sekarang ?? Kadang train delay lagilah bertambah crowded .,,,,,,,,,,,,,,
????bertabahla hahaha,,,,,,,,,,,,,,
suruh pmx bg grant/incentive to company yg wfh???? msti company2 msia bg pnya,,,,,,,,,,,,,,
??,,,,,,,,,,,,,,
HAHAHAH yee. Sumpah best pergi balik kerja dari jumaat lepas tak jem langsung ??,,,,,,,,,,,,,,
sye 1 saat je dh smpai tempat kerja (alhamdulillah rezeki wfh),,,,,,,,,,,,,,
"""Ada pro & cons wfh best masuk kerja pun best, g ofis boleh focus, jumpa org dpt ilmu n info baru, duk uma boleh rehat s",,,,,,,,,,,,,,
Buat tiap hari sepanjang thn pon ok ????,,,,,,,,,,,,,,
Yaaa tak stress jemm saya sukaaa hahahaha,,,,,,,,,,,,,,
Betul ?? dr hari jumaat pegi keje rasa mcm hari raya sbb jln kosong ??,,,,,,,,,,,,,,
"""Hahaha sis paling bahagia ya tu yg wfh lagi seronok kan ?????? BTW, ada yang nak belajar mandarin. Kelas 2 jam (RM0) DITAJ",,,,,,,,,,,,,,
"""Damansara punnnn tak jem . Kalau tak dkt terowong, dash , ldp sume nk jem walau tol mahal ??""",,,,,,,,,,,,,,
ramai work from home tu pasal jalan clear..,,,,,,,,,,,,,,
kesiannya sis x dpt WFH ??,,,,,,,,,,,,,,
Masalahnya semalam tenang harini kembali padat especially jalan loke yiew tu. ???? tapi pagi jela jalan tenang. Kau tunggu,,,,,,,,,,,,,,
so sbnrnya dkat satu satu tempat tu dekat je tapi sbb jem????,,,,,,,,,,,,,,
"""maksudnya boleh je company malaysia buat wfh hari2 , tenang woo masuk KL minggu ni""",,,,,,,,,,,,,,
Betul xjem langsung jalan time pagi. Bangi-cheras bedesup je tekan 140 takde hal??,,,,,,,,,,,,,,
sy keje shah alam ddk pandan elok je x jem..rancang masa. sy kluar awal. duke@nkve@elite@putra height 45 minit??,,,,,,,,,,,,,,
"""utk awak okay, utk mereka yg kena jem ?""",,,,,,,,,,,,,,
best kan. hahahah. tenang jer pagi². kenapa die tak buat sebulan,,,,,,,,,,,,,,
kita pun seronok boleh wfh,,,,,,,,,,,,,,
Pegi balik rm14 ??,,,,,,,,,,,,,,
Seronok lagi gi keje kat KL time covid. Tak stress langsung di Jalan raya...,,,,,,,,,,,,,,
Esok bankrap la tu??????,,,,,,,,,,,,,,
Benda boleh buat isu.,,,,,,,,,,,,,,
diorang msh terngiang² wfh tu pkp pkpb pkpd??maklumlah 2thn takleh kuar umh...trauma,,,,,,,,,,,,,,
Cuba tgk mesti orang jauh tu??,,,,,,,,,,,,,,
"""dah suka dah. sebab sejak ramai wfh minggu ni jalan clear, terus suka""",,,,,,,,,,,,,,
non kaki jilat,,,,,,,,,,,,,,
Sakit hati eh nk brukkn krjaan xbjaya.,,,,,,,,,,,,,,
non koyak ke,,,,,,,,,,,,,,
Aik sapa yg koyak aku tertanya sjaa ??????,,,,,,,,,,,,,,
"""Mostly yang bising tu penunggang pak lebai yang duduk luar. Kalau tak duduk luar pun, baru first time jejak kaki dekat",,,,,,,,,,,,,,
Mrh sgt buat dkt KL??????,,,,,,,,,,,,,,
"""pagi mmg seronok,jgn tengghr,melekat jem nak masuk kl.bab asean ni pagi aku sukalah,tnghr aku x suka,jln alternatif tak",,,,,,,,,,,,,,
"""Benar ituuuuu… biasa 1jam15 min, ni dah 2 hari 38min je ????""",,,,,,,,,,,,,,
hahaha betul smlm dr puchong gi kl 10 pagi 20 minit je.. smpai fikir btul ke selengang ni jln ????,,,,,,,,,,,,,,
"""Korang, kalau wfh rugi korang jgk, kena byr bil utilities sendiri hehe tp boleh la cover dgn minyak kereta""",,,,,,,,,,,,,,
Btol sgt ??????. Dua hari ni g opis tenang je ????,,,,,,,,,,,,,,
buat rotation staff.. kerja di ofis & wfh,,,,,,,,,,,,,,
setuju dgn awk... best sampai awl n balik awl??,,,,,,,,,,,,,,
"""blh je majikan nk bg WFH pd staff². Tapi tulah byk alasan sbb kerja kt rmh x produktiflah, jd slowlah, satu lg alsn dia",,,,,,,,,,,,,,
saya antara yg wfh sampai 28hb.haha,,,,,,,,,,,,,,
buat tiap2 bulan pun x apa...,,,,,,,,,,,,,,
?????? kita wfh je haha,,,,,,,,,,,,,,
Tadi balik Shah Alam punya lah smooth dan jumlah kereta2 di jalan pun spt tahun 2000.,,,,,,,,,,,,,,
haha mcm2,,,,,,,,,,,,,,
Weh betul. Aku happy tak jem langsung ??????,,,,,,,,,,,,,,
Yela tu..g tmpt keje sebelum asean 45 minit..masa asean 20 minit je..????,,,,,,,,,,,,,,
setujuuuu,,,,,,,,,,,,,,
Bahagia kan… jln x byk kereta,,,,,,,,,,,,,,
rindu ddk KL??...ddk JB nok harom mahei mat??,,,,,,,,,,,,,,
Kannnn,,,,,,,,,,,,,,
"""ade jln yg di maklum tutup tp X tutup .. tp kita di beri pilihan ... maka pilih la WFH kalau itu mudahkan ...",,,,,,,,,,,,,,
"tp saja DTG kerja... Alhamdulillah, jln ok""",,,,,,,,,,,,,,
Setuju,,,,,,,,,,,,,,
Tula hati ahad hritu pegi trx mall tak jem jln dlm mall pun tak ramai????,,,,,,,,,,,,,,
Wehhh betul buat la sepanjang tahun pun…hahahhahahaha,,,,,,,,,,,,,,
Setuju!!!!,,,,,,,,,,,,,,
ye doh.. smlm balik kerja pkul 530 dri Damansara ke KL jalan clear. x sampai 20 minit pun ?? selalu pkul 7 bru smpai ruma,,,,,,,,,,,,,,
"""Betull , kajang - kl 20 minit je""",,,,,,,,,,,,,,
?????? Wooo time ni la kena outstation.. X merasa,,,,,,,,,,,,,,
Aku dapat wfh sampai rabu tapi hari ni pi office and probably tmr too sebab kat rumah tak productive langsung ????,,,,,,,,,,,,,,
"""Kita xdela 10min,jauh gk tp sb jalan clear.. so bahagia""",,,,,,,,,,,,,,
SETUJUUUUUU ??????,,,,,,,,,,,,,,
tak pernah dapat like..??,,,,,,,,,,,,,,
Hahahah kan,,,,,,,,,,,,,,
kaaaaaan. n n.,,,,,,,,,,,,,,
Setuju Setuju ????,,,,,,,,,,,,,,
Mane ada jam ginkerja biasa je. Diorg bukannya on the road 24 jam,,,,,,,,,,,,,,
Kan hahahahaha,,,,,,,,,,,,,,
"""Bnda cmni swasta akan ikut klo kerajaan suruh je, klo kita ckp kt comp sndiri dorg kata mkn gaji buta""",,,,,,,,,,,,,,
Wei Hhahaha 10minit je tenang,,,,,,,,,,,,,,
kenaapa semalam tak jem ? harini keluar lambat sikit ingatkan jalan macam semalam . hampa rupanya ??,,,,,,,,,,,,,,
san sebenarnyaaa boleh ja nak laksanakan wfh tu???????? hidup wfh????,,,,,,,,,,,,,,
Kitonya wfh dari isnin sampai rabu tapi nak masuk office ??,,,,,,,,,,,,,,
ouh patutlah aku pelik knp kereta kurang sehari dua ni ...aku igtkn org ramai2 cuti ...rupanya tutup jalan,,,,,,,,,,,,,,
Amboiiiiii ????,,,,,,,,,,,,,,
Dulu KL LRT tu berlambak…nak naik kereta juga itu bocah namanya,,,,,,,,,,,,,,
kami nk WFH?! WFH!!,,,,,,,,,,,,,,
Sbenanya isu skolah je,,,,,,,,,,,,,,
???? memang lengang jln KL td pagi .,,,,,,,,,,,,,,
"""Kajang perdana - kl area pavillion embassy 15 min je ?? bahagia je bawak kereta pn santai, jalan ampang mmg clear terus",,,,,,,,,,,,,,
?????????????????????? samalah... rasa bahagia betul... 10 minit dh sampai opis,,,,,,,,,,,,,,
Heaven dengkil-kl stgh jam??,,,,,,,,,,,,,,
"""Betullll..Weekend aritu paling best",,,,,,,,,,,,,,
"Santai2 je pusing kl. Rasa cam vibes2 time pkp ??""",,,,,,,,,,,,,,
??itulah tu sokong,,,,,,,,,,,,,,
Sis lalu SPE mesti lagi laju kan heheh,,,,,,,,,,,,,,
Traffic in KL masih oke daripada Jkt,,,,,,,,,,,,,,
Khamis kena masuk ofis semula ??,,,,,,,,,,,,,,
2 hari ni seronok btl rase...g keje x jem...happy weiii????????,,,,,,,,,,,,,,
siss… kita geng ???????????????15 minit weyyy shah alam - kota dam??????,,,,,,,,,,,,,,
klau xde meeting ASEAN pun parok hari² jem even xdok vip lalu,,,,,,,,,,,,,,
orng Kt klang valley dan slgor tak ramai sbnrnye..??,,,,,,,,,,,,,,
"""Bagi pihak subang, teruskan Asean. Alhamdulillah naik dash pun clear??""",,,,,,,,,,,,,,
haha.. hari biasa jln ni kita lambat sikit je beratur laa..,,,,,,,,,,,,,,
asean lama lama pun takpe. tenang nak gi kerja??,,,,,,,,,,,,,,
tolong ASEAN lagi ..,,,,,,,,,,,,,,
"""""""satu hari nanti.. kau akan menyesal dik""""""",,,,,,,,,,,,,,
Igt tambah jem..rupanya lagi clear ye ??,,,,,,,,,,,,,,
Stuju..tenang minyak 2 bar boleh bwk ke sabtu klu mcm ni punya kosong jln??,,,,,,,,,,,,,,
5 minit sampai office ????,,,,,,,,,,,,,,
sesungguhnya orang kl ori memang suka jalan ditutup??????????,,,,,,,,,,,,,,
Hahahahaha sebenarnya betul. Weh LDP 9.00 pagi pun clear wehhhhhh tolonglah wfh je ????,,,,,,,,,,,,,,
mahal ooo tol sini,,,,,,,,,,,,,,
???? aku pun ….,,,,,,,,,,,,,,
"""lol actually sama! I mentally prepared for worse jam on Monday. Tapi smooth sailing sampai office dlm 20mins, biasanya",,,,,,,,,,,,,,
smlm Aman ... Harini xaman,,,,,,,,,,,,,,
x yg heran train pon kosong…yg hari2 ulang alik naik train rasa x terjejas pon????,,,,,,,,,,,,,,
betul Sy pergi Sabtu haritu turun KL ke PBAKL risau juga kalau jem teruk.. alhamdulillah elok jer jalan tak jem pun ??,,,,,,,,,,,,,,
aku wfh dari zaman covid sampai sekarang. dah loyoo dah tekak nie.. nak masuk opissssss ????.. stresss weh duk umah .. try,,,,,,,,,,,,,,
Abis tu kesian la yg kerja buat e-hailing. X ke diaorg akan hilang income bila ramai yg WFH camni.,,,,,,,,,,,,,,
kn dorg ade ttop jln.. kenape jalan x busy lak? sumpah x paham . explain laa??????,,,,,,,,,,,,,,
"""Sbb ramai WFH. Sbb tu jalan tak busy. And tutup jln tu sekejap je. 20-30min. Kalau kita luck,sampai2 je tgk kereta dorg",,,,,,,,,,,,,,
Wfh hadir,,,,,,,,,,,,,,
pas ni,,,,,,,,,,,,,,
"""semalam je, lengang betul. harini dah back to normal. mungkin ramai sedar kot semalam heaven ??""",,,,,,,,,,,,,,
"""kalau nak ikutkan ramai yang nak kerja WFH, tapi desakan upper management suruh masuk office""",,,,,,,,,,,,,,
wfh sesuai utk org bujang.. kalau yg ada anak..elok wfh waktu sekolah sebab anak2 xde di rumah ..xganggu,,,,,,,,,,,,,,
Nak buat asean tu byk kali pn xpe. Aku still sama je tiap hari ulang alik office ke rumah 20 minit. ??,,,,,,,,,,,,,,
Truee .. dr sejam lebih ke 2 jam balik rumah jadi stgh jam je smpai rumah .. ??,,,,,,,,,,,,,,
??,,,,,,,,,,,,,,
????????,,,,,,,,,,,,,,
??????,,,,,,,,,,,,,,
??,,,,,,,,,,,,,,
??????,,,,,,,,,,,,,,
??????,,,,,,,,,,,,,,
????,,,,,,,,,,,,,,
????,,,,,,,,,,,,,,
??,,,,,,,,,,,,,,
????????,,,,,,,,,,,,,,
??????,,,,,,,,,,,,,,
????,,,,,,,,,,,,,,
??????,,,,,,,,,,,,,,
????,,,,,,,,,,,,,,
negara2 maju dah lama praktis WFH utk sektor yang bersesuaian..termasuk pelajar2 ipta/s. baik utk alam sekitar juga seba,,,,,,,,,,,,,,
tu la best je jalan tak jem haaha. so far laluan yg saya lalu tak tutup pun.,,,,,,,,,,,,,,
"""Semua org ambik cuti sbb tu la kosong. Kalau hari2 buat, jgn mimpi la akan kosong ??""",,,,,,,,,,,,,,
okay tak kerja di bandar saya cadang nk kerja di kampung,,,,,,,,,,,,,,
bukan korang tak suka ke? complain sbb jem laa apa laa. suruh buat asean summit dkt putrajaya,,,,,,,,,,,,,,
"""Ni hway spe kan ke suke, ke spe mgn suke ad link? Kompius la""",,,,,,,,,,,,,,
"""SETUJU! Tenang betul pergi kerja 2-3 hari ni ?? Orang KL relax je, orang luar je yang bising lebih sebelum ni dgr jalan",,,,,,,,,,,,,,
yg ni gua tak fhm knp pulak slalu bukan jem ke kalau ada even besor ni sbb kan jln bnyk tutup..apahal lengang pulak????,,,,,,,,,,,,,,
mmg pgi keje 10 minit . sekali dia tutup berpuluh minit . dlm kete ok lgi . meh cer atas moto . berkicap dia mcm letak s,,,,,,,,,,,,,,
alhamdulillah.. bahagia,,,,,,,,,,,,,,
kan setenang air di lautan... tp sy xde la lengang cmni,,,,,,,,,,,,,,
@????? l,,,,,,,,,,,,,,
seandainya kl hari2 lengang begini ??,,,,,,,,,,,,,,
"""hi admin, tumpang iklan.berminat UTK renew insurans + cukai jln kereta /motosikal secara ANSURAN BULANAN (apps atome,*B",,,,,,,,,,,,,,
"pm Shikin 0147143040""",,,,,,,,,,,,,,
okay sis done follow u ????,,,,,,,,,,,,,,
Org byk kuar sblm subuh tanak sangkut,,,,,,,,,,,,,,
Kalau hang kena buang keje peh bestnyaaa.,,,,,,,,,,,,,,
highway spe boleh potong semua jln dlm kl,,,,,,,,,,,,,,
dh 3 hari pegi keja dengan aman damai jalan x jem.. buat lah asean ni 2 tahun pun xpe,,,,,,,,,,,,,,
nak Tanya. kalau takda asean tu. berapa minit selalu nk sampai ke office?,,,,,,,,,,,,,,
"""I Can't explain how I feel each time I receive my profits from your platform all I can say is that God sent you to my l",,,,,,,,,,,,,,
Mahal tuh tol SPE,,,,,,,,,,,,,,
tenang je nak pergi keje??????,,,,,,,,,,,,,,
duduk kelantan tapi sembang jam dekat KL,,,,,,,,,,,,,,
jalan apa ni bang..dah lama tinggalkan KL..,,,,,,,,,,,,,,
Betul. First time dtng KL masa hari kerja jalan lengang ??,,,,,,,,,,,,,,
"""dh blh implement yg blh wfh ,""",,,,,,,,,,,,,,
"""??jngnlh sbb 15 jam kita ada di tmpt krja saja bila jln ssk trk atau tmpt kerja jauh dari rmh,aku sndri stay di WANGSA M",,,,,,,,,,,,,,
"""Saya setuju, best ooo jalan xjem""",,,,,,,,,,,,,,
sy wfh. tp xtahu nak buat apa. kitonyo PA mmg byk berdepan je dengan bos ??,,,,,,,,,,,,,,
"""sya lgi la sis, celik2 je mata dri tdur trus smpai tempat keja ??????""",,,,,,,,,,,,,,
persidangan tu patut buat dekat genting highland. sejuk² sana. hotel ada amber court. jalan smooth je tak ganggu org nak,,,,,,,,,,,,,,
Dorang bersidang atas jalan ke sampai tutup jalan dari pagi sampai malam.??????,,,,,,,,,,,,,,
Nape kena buat kat KL ...ada 2 juta lebih manusia yg cari mkn di area tu...,,,,,,,,,,,,,,
Pendapat saya lah kan (1) kjaan jgn jd host asean..(2) pmx jgn gi overseas dan buat hubungan oerdagangan dgn negara luar,,,,,,,,,,,,,,
Weyhhh Camne nk ke airport Nnti? Aduhhh dh la luggage Aku bnyk. Xkn nk naik tren ade 3 luggage oiiiii. Mne jalan alterna,,,,,,,,,,,,,,
Meyusahkan rakyat jea kerajaan skrng nie. Subsidi telur makanan rakyat miskin pun ditarik.,,,,,,,,,,,,,,
Bukan ke kte penah buat bnda ini sblum ini.. Kenapa smpi tutup ya.. Kenapa xtutup 1 laluan je utk dorg lalu.. Xboleh ke,,,,,,,,,,,,,,
dari putrajaya nak ke KL kena ikut laluan mana? pening la cmni…,,,,,,,,,,,,,,
rasanya kalau dah tutup jalan utama sampai 3 4 hari ni ada elok nya menafaat kan WFH (Work From Home),,,,,,,,,,,,,,
"""Betul ya start 7 pg? Jgn jam 6.30am dah x bg lalu, susah sy nnt nk msuk kerja spital""",,,,,,,,,,,,,,
rakyat malaysia mana yang sambut tu? aku tak sambut. aku nak cari duit nak kerja pastu dengan jalan sana sini tutup nak,,,,,,,,,,,,,,
"""kenapa x buat luar dr kl....putrajaya ke,""",,,,,,,,,,,,,,
Lama betoi meeting nya sampe seminggu apa je di sembang nye,,,,,,,,,,,,,,
Bangsar to seremban how eh? Selalu lalu sg besi,,,,,,,,,,,,,,
masa tu pesta buku antarabangsa,,,,,,,,,,,,,,
buatlah kat Putrajaya,,,,,,,,,,,,,,
bila masa rakyat setuju mana bukti,,,,,,,,,,,,,,
mostly tutup semua ke .. kalau dari nilai nak g KLIA 2 tak boleh ke ..dhla flight kul 5 petang .. takan nak tunggu dekat,,,,,,,,,,,,,,
23 hb ni ade interview dkt Kkm presint 1 putrajaya?? ape nii ..mn nk ikot ni guyss. ahh benci lahh..aq dh lah ssh nk phm,,,,,,,,,,,,,,
bapakk siakk.. nk wfh boleh ke..kja spital..??,,,,,,,,,,,,,,
Rakyat sambut baik?,,,,,,,,,,,,,,
yeke Kasi sokongan.. aq Rasa menyusahkan Ada la . putrajaya apa function dia?,,,,,,,,,,,,,,
kita yg bayar cukai jalan tp kita xboleh lalu..balik duduk kg la xkena tutup jalan kalau ad apa2 sekali pun??,,,,,,,,,,,,,,
Bas klia-kl sentral affected tak ??,,,,,,,,,,,,,,
siapa yg kata sambut baik tu,,,,,,,,,,,,,,
28hb tu tutup smpai kul brpe?,,,,,,,,,,,,,,
Rakyat mana sambut baik tu? Macam bukan malaysia je? Cuba bagitahu betul betul rakyat mana ??,,,,,,,,,,,,,,
Kalau dari Perak ke melaka nk ikut lalu mana esok ya helppppppp,,,,,,,,,,,,,,
salam p qeja naik jet peribadi,,,,,,,,,,,,,,
Kalau saya terlwpas flight??,,,,,,,,,,,,,,
Menyusahkan ooo,,,,,,,,,,,,,,
Dah kenapa nk sesak kan KL yg dah sedia sesak. Putrajaya tu punya la luas buat la kat sana.. Pusat pentadbir patut buat,,,,,,,,,,,,,,
hahahaha sapa yang sambut baik?? pandai2 je ..kerajaan la sambut baik..rakyat tak??,,,,,,,,,,,,,,
"""pdrm bagi alternatif road ke klia, tp sampai klia boleh ke masuk? terpaksa penumpang2 kena berkampung awal dlm klia""",,,,,,,,,,,,,,
Gombak to klia lalu mana ek ? Help,,,,,,,,,,,,,,
satu Malaysia cuti....,,,,,,,,,,,,,,
Why dia bt dkat kl. knpe x prgi putrajaya. Ada pantai buatan. Nk prgi airport pun dh dkat. Nie kl bro tgh bandar bro. Ad,,,,,,,,,,,,,,
"""buat la Kat putrajaya..picc Ada...hotel2 pun byk Sana..KL kn commercial capital,putrajaya adminstration capital..ape2 l",,,,,,,,,,,,,,
Aku ni stay gombak tau kerja kat subang celah mana aku nak pi keje,,,,,,,,,,,,,,
Naik flight guys,,,,,,,,,,,,,,
LDP nanti mesti penuh lambat masuk kelas nanti,,,,,,,,,,,,,,
sape yg sambut ??????,,,,,,,,,,,,,,
zaman madani jer asyik nak tutup jln..,,,,,,,,,,,,,,
ok gais semua wfh bermula esok ya. seronok ya dpt pengumuman mcm ni. mcm lect ckp kelas cancel,,,,,,,,,,,,,,
asean ni macam persatuan atau kerjasama dengan negara luar/negara jiran.. jadi tahun ni malaysia tuan rumah untuk mesyua,,,,,,,,,,,,,,
mmg full la Mrt/lrt,,,,,,,,,,,,,,
"""anyone knows kalau dari Johor nak ke Shah Alam lalu mana? selalu lalu ELITE tapi ELITE tutup, so ada elternatif lain ta",,,,,,,,,,,,,,
I'm lucky I guess since I will not be in the country ??????...,,,,,,,,,,,,,,
So train jangan tiba2 buat hal yer ??,,,,,,,,,,,,,,
Tutup terus je lah kl tu senang….,,,,,,,,,,,,,,
Bagi lahh cuti ??,,,,,,,,,,,,,,
dari ipoh nk gi klia cane? xreti n first time klo dh jalan tutup,,,,,,,,,,,,,,
bagi org luar senang.rakyat byr cukai jalan susah,,,,,,,,,,,,,,
Klang ke Shah Alam kenapa tiada dalam list. Baru nak WFH .,,,,,,,,,,,,,,
Weekend ada ke,,,,,,,,,,,,,,
Knp x buatkn jdi public holiday je haritu… senang skit… ????,,,,,,,,,,,,,,
Baik bagi cuti terus..,,,,,,,,,,,,,,
Cmner nk gi PBAKL ni??,,,,,,,,,,,,,,
knpe dia x tutup je kl ..senang sikit,,,,,,,,,,,,,,
"""Service wedding susah la mcm ni. Makeup,henna artist, stylist bride, photo/videographer, semua berkaitan bride… kami ke",,,,,,,,,,,,,,
Esok boleh guna jln tu lagikn?,,,,,,,,,,,,,,
Good luck guys,,,,,,,,,,,,,,
wah persidangan ASEAN mcm nak piala Dunia ooo...hebat pak munawer,,,,,,,,,,,,,,
rakyat mana yang suka memang baru aa,,,,,,,,,,,,,,
sambut baik????memandai je fitnah,,,,,,,,,,,,,,
yeke?,,,,,,,,,,,,,,
nasib baik lagi.. saya duduk subang keje klia,,,,,,,,,,,,,,
bagi cuti cuti Malaysia la,,,,,,,,,,,,,,
sape yg smbut baik tu????????????????????,,,,,,,,,,,,,,
Set2 yg komen bukan kerja KL pon hahaha,,,,,,,,,,,,,,
cuti tak?,,,,,,,,,,,,,,
I don’t think so,,,,,,,,,,,,,,
yes cuti,,,,,,,,,,,,,,
mcm semua org tk setuju jee dlm comment ni,,,,,,,,,,,,,,
byknya..??,,,,,,,,,,,,,,
Problem bagi pengguna waze mcm sy. Sy x tahu jalan lain ??,,,,,,,,,,,,,,
bukan selalu,,,,,,,,,,,,,,
Rakyat negara mana yang sambut baik?,,,,,,,,,,,,,,
Pastu aku nk lalu mne ni bnyk jalan tutup??,,,,,,,,,,,,,,
siapa rakyat yang sambut baik tu ??!?,,,,,,,,,,,,,,
cam gini min??????,,,,,,,,,,,,,,
pandai je terbaik??.. hahaha,,,,,,,,,,,,,,
sambut baik ya..ayat takbleh bla,,,,,,,,,,,,,,
atok die sambut baik,,,,,,,,,,,,,,
Klau nk pegi cyber 4 kene lalu mane,,,,,,,,,,,,,,
masak la,,,,,,,,,,,,,,
Sapa lah agaknya sambut baik tuy????????,,,,,,,,,,,,,,
Ada maps tak ?,,,,,,,,,,,,,,
sambut baik??? ye ke,,,,,,,,,,,,,,
baik buat hari cuti..ni nk g kerja susah..,,,,,,,,,,,,,,
Untung tak duk kl??,,,,,,,,,,,,,,
kadang2 letih jadi orang key ell,,,,,,,,,,,,,,
aduhai..nasib Lebuhraya SUKE DUKE tak ada. laluan hari2 nak gi kerja tu dari cheras ??. kdg2 lalu jgk NKVE tu,,,,,,,,,,,,,,
WFH,,,,,,,,,,,,,,
Kito nya wfh. Balik pahang duluan. ???,,,,,,,,,,,,,,
sambut baik apa. nak gi kerja lalu jalan mana ni please ??,,,,,,,,,,,,,,
Kan senang Kasi cuti Selama mana ASEAN meeting tu taklah pening rakyat nusantara nie,,,,,,,,,,,,,,
"""sebelum ni punya Asean summit takde pon menggelabah bewak sampai nak tutup jalan, awat yg madanon ni tak habis² nk susa",,,,,,,,,,,,,,
"""Allah berikan akal Dan fikiran,guna sebaiknya,pasti Ada jln keluar terbaek, insha'Allah. semoga Allah beri kelancaran p",,,,,,,,,,,,,,
Asean untuk buat ape dok baiki jalan yang ade lobang lobang ke jalan jalan yang rosak ke,,,,,,,,,,,,,,
Kalau naik basikal or jogging pun kna tahan ker??risau kna time gy keje...,,,,,,,,,,,,,,
?????? Aduihh.. Aku ikut Jalan sungai lar mcm nie..,,,,,,,,,,,,,,
kn berkampung kt tempat keje ke mcmn ye..,,,,,,,,,,,,,,
Boleh la work from home,,,,,,,,,,,,,,
yg keje klia camno. aduh xde masa yg tetap pulak. sehingga delegasi selesai bilo nyoo? kito keje shif ni,,,,,,,,,,,,,,
"""Ramai ii mc, atau compny kena tolerated sikit la utk bbrp hrtu, tang mana ii pun jalan ttp, crib jalan lain Sama Jam sm",,,,,,,,,,,,,,
baruu dapat keja baru macam2 hal lahh ..,,,,,,,,,,,,,,
konfiden nya. rakyat malaysia.,,,,,,,,,,,,,,
Yeayyyy. Cuti seminggu terus laa kalo gini,,,,,,,,,,,,,,
cuti aje la,,,,,,,,,,,,,,
Apa pilihan rakyat pun ??,,,,,,,,,,,,,,
"""help, mcm mana nak ke axiata arena""",,,,,,,,,,,,,,
""",8481""",,,,,,,,,,,,,,
klu dri n9 ke ipoh nk llu sok mne,,,,,,,,,,,,,,
org lain pun ada urusan,,,,,,,,,,,,,,
kalau naik bas duta nk ke kedah lalu lebuhraya utara selatan ke? boleh lalu ke? sy taktahu sngt??,,,,,,,,,,,,,,
"""hi nak tanya, jalan ke arah IJN effect tak?""",,,,,,,,,,,,,,
"""akak naik lrt dkat glemarie pastu sampai kl sentral .dari kl sentral akak ada 2option,naik erl sampai kl airport /akak",,,,,,,,,,,,,,
"""klia ke ampang hari sabtu, ada alternative lain tak gais ??????""",,,,,,,,,,,,,,
Sape rakyat yg smbut baik ni.. Smua tgh fikir mcm mna nk g Airport nk g interview nk g lapor diri nk g kja skrg ni tau t,,,,,,,,,,,,,,
Sabtu gn ahad skli ke ttp jln,,,,,,,,,,,,,,
dari bangi nk ke airport subang mcm mna?tolg siapa yg arif..,,,,,,,,,,,,,,
buat work from home la jawabnya....cadangan sahaja,,,,,,,,,,,,,,
kalau dri puncak alam nak ke klia macam manaa yaa??,,,,,,,,,,,,,,
woww...rkyt sambut baik..wow..wow...woww,,,,,,,,,,,,,,
Sambut baik apa nya. MENYUSAH kan org ada lah,,,,,,,,,,,,,,
"""klau ade urusan ke IJN, jln tutup jugak ke, maaf ye sy brtanye .. sy tak tau jln ape""",,,,,,,,,,,,,,
aku nak pergi pesta buku kau tahu takkkkkk??,,,,,,,,,,,,,,
ko sorang jer yang suka ?,,,,,,,,,,,,,,
"""Kerja pun dgn majikan drp negara asean tu jgk,nk meroyan je keje ??""",,,,,,,,,,,,,,
saya lg la kje kt hotel ditgh2 jln yg kena tutup x tau la nk ikut mne dah la tau jln tu je,,,,,,,,,,,,,,
Bapa ttup Jalan hahaha,,,,,,,,,,,,,,
Hidupp nuarrr,,,,,,,,,,,,,,
Company pun kedekut taknak bg wfh..,,,,,,,,,,,,,,
siapa cakapppp ?????,,,,,,,,,,,,,,
Yeke???,,,,,,,,,,,,,,
dok umah ja la ????????????,,,,,,,,,,,,,,
Sambut baik ? ??,,,,,,,,,,,,,,
kalau dari seremban nk ke shah alam nk lalu mane eyh ? ??,,,,,,,,,,,,,,
ape benda?,,,,,,,,,,,,,,
masa musim nk antar org pegi haji ni.lah nk buat hal,,,,,,,,,,,,,,
Dari shah alam mcmnaaa nk ke klia 2,,,,,,,,,,,,,,
assalamualikum smua..boleh saya tau mcm mana nak go klia 23 dari Subang jaya????????saya punya flight mlm 10:10??????,,,,,,,,,,,,,,
sambut baik apoo kito nyo byk hal .dhla dkt2 cuti sekolah.knpe xbuat awal bulan baru nie.,,,,,,,,,,,,,,
anyone tau jalan dri tol sungai besi nk gi mpm lalu mana,,,,,,,,,,,,,,
"""22hb org kata ada dry run. still 7 pm ke cmne, sbb actual dia 23hb kn""",,,,,,,,,,,,,,
Aku jem nk kerja cemana ni??,,,,,,,,,,,,,,
28 tu tutup sampai jam berapa yer? Siapa2 yg tahu ? Sbb nak gerak ke Airport. Dari setia alam,,,,,,,,,,,,,,
???????????? Jgn syok sendiri la,,,,,,,,,,,,,,
haih dh la 23 tu aku kje ptg... kalau masih jem jugak macam mne aku nk ke klia??... mampus la ??.. agak ii turun awal jem,,,,,,,,,,,,,,
Acaner nak gi uitm shah alam from ampang park ye????,,,,,,,,,,,,,,
agak agak taman saujana hijau putrajaya tutup tak hahahhaa,,,,,,,,,,,,,,
kenapa tak pi buat di perlis nu perlis ada 8 orang ja,,,,,,,,,,,,,,
Cuti ah gini,,,,,,,,,,,,,,
Adehhhh erhmmmmm hbis la Minggu ni mesti kerja2 aku lambt Xpela REZEKI Alhamdulillah,,,,,,,,,,,,,,
"""dah sudah , Dari sungai besi sampai klcc jalan tutup , pusing jauh lah gamaknyaa""",,,,,,,,,,,,,,
Bagus tu mmg bagus. Bagi lah cuti lagi bagus pening fikir jalan,,,,,,,,,,,,,,
tak yah kerja....,,,,,,,,,,,,,,
kajang ke puncak alam nak ikut mana ??,,,,,,,,,,,,,,
sye takde sign apa2 pon tanda setuju ??,,,,,,,,,,,,,,
23 tu flight aku cnfm delaya la??,,,,,,,,,,,,,,
"""patutnya bagi cuti sekali bukan tutup jalan je, baru betul duduk rumah""",,,,,,,,,,,,,,
"""tolong sape sape boleh jawab, dari selayang ke terminal bersepadu gombak okay je kan untuk 23hb tu? ??""",,,,,,,,,,,,,,
Ahad malam baru Smpai klia. takkan malam pun nak tutup gak. jenuh laa. train available tak?,,,,,,,,,,,,,,
Opis xbg WFH lg nihhh.. mcm manerrr ??,,,,,,,,,,,,,,
nk g pesta buku ade efeect x? nek mto je pon nie,,,,,,,,,,,,,,
Aku nak balik sg buloh dari tangkak mcm mne weii. Laluan yg boleh lalu mostly terlibat!!,,,,,,,,,,,,,,
If b.jalil ke sentul point?,,,,,,,,,,,,,,
ok dtg keje lmbt hahhaha,,,,,,,,,,,,,,
dengkil to seremban mcm mne ? selalu lalu elite jek ni??,,,,,,,,,,,,,,
"""Kalau PM kita gi luar negara sana , dorg tutup jalan tak ?""",,,,,,,,,,,,,,
i plan to seat mrt to work,,,,,,,,,,,,,,
"""jalan tutup,pdpr tu masa darurat pandemik itu boleh terima la, ini masa apa? lu orang mau senang jalan bikin rakyat sus",,,,,,,,,,,,,,
kalau Dari kl ikut jln tepi klcc belok kanan..pastu street je astu sampai klia,,,,,,,,,,,,,,
Taon depan buat kawasan persidangan sebelah airport.berkampunglah kat sana.,,,,,,,,,,,,,,
"""Saya bukanlah pakar, tapi lepas tengok dan analisis video tu dari mula sampai habis, memang tak boleh nak cakap apa-apa",,,,,,,,,,,,,,
buat kat mna sbnrnya ..,,,,,,,,,,,,,,
nilai ke kl how?,,,,,,,,,,,,,,
Perak ke KLCC lalu mana ya anyone tau?,,,,,,,,,,,,,,
"""Nk tnya, rakyat yg mna yg sokong tu? ??""",,,,,,,,,,,,,,
nk thu 24 mei tu dia tutup jln dr pkl 7 sampai pkl berapa sbb nk rancang perjalanan nk ke pbakl ni,,,,,,,,,,,,,,
"""Mana ada sambut baik ?? dah lah x boleh wfh, dah menyusahkan aku pk mcm mana nk g keja""",,,,,,,,,,,,,,
Hmmm naik grab je la kalu mcm ni.,,,,,,,,,,,,,,
nt mesti brg shopee lmbt sampai ??,,,,,,,,,,,,,,
"""Dah laa ade iv spa 26 mei tuu, aq nk lalu mana ni byk naw nk tutup. Ingt kaya sgt ke nak stay sana awal lama2 ??????""",,,,,,,,,,,,,,
hidup madani ??,,,,,,,,,,,,,,
Baik bagi cuti je.. ???,,,,,,,,,,,,,,
nape 23 mei ?? baru nak happy2 smbut bday area kl tpi??,,,,,,,,,,,,,,
cetek btol aq baca komen sorg2,,,,,,,,,,,,,,
Tak tutup jalan pun dah jem gile apatah lagi tutup ??,,,,,,,,,,,,,,
Habis kalau lewat siapa nak bayar,,,,,,,,,,,,,,
Dri selayang nk ke bukit bintang mcm mna? Aku dahlah kerja.,,,,,,,,,,,,,,
kena cancle lh job lori 23- 28 ni...tanda2 nk ke ddk rmh tido ni ??,,,,,,,,,,,,,,
duduk rumah jer,,,,,,,,,,,,,,
ade raptai tutup jalan sekali x ?,,,,,,,,,,,,,,
25 tu sampai malam ke tutup? ?? 7 pagi hingga selesai ketibaan? bila selesainya tu,,,,,,,,,,,,,,
LRT n MRT kn ado... No hal lh Bkn lma pon kn bro kn... ????????????????,,,,,,,,,,,,,,
"""Saya takkesah, saya harap dapat wfh ????????""",,,,,,,,,,,,,,
time aku nak g kenduri kat tun razak lah dia nak ttp jln,,,,,,,,,,,,,,
sambut baik apa.. mcm mana nak pi kerja ni.. nak bdr pun xboleh,,,,,,,,,,,,,,
komen yg boleh mundurkan negara ada yg tngh komen kt sini ????,,,,,,,,,,,,,,
Nampaknya kena pergi kul4 pagi lqh nak hantar mak pergi haji...pastu nak balik ke kl semula dah pening ??????,,,,,,,,,,,,,,
Nanti tetiba rakyat bertambah 1.5 juta??,,,,,,,,,,,,,,
sekrang ni ofis saya tak nak bagi Wfh....??,,,,,,,,,,,,,,
"""buka je lah jalan, rakyat nak guna juga, kerana orang luar, rakyat sendiri susah""",,,,,,,,,,,,,,
Dr setia alam nak ke klia jln ikut mana selain elite?,,,,,,,,,,,,,,
bagi cuti jelah kan senang..memudahkan semua orang,,,,,,,,,,,,,,
Ape guna kereta kena escort ?? Bukan nak salahkan kerajaan…tapi rasanya tahun ni laa banyak jalan kena tutup laa,,,,,,,,,,,,,,
diorg tutup sekejap2 je guys..,,,,,,,,,,,,,,
21-22 road closure tu takde timing ke? Ke takde closure langsung?,,,,,,,,,,,,,,
rakyat mmg sambut baik IF bg kami WFH la..,,,,,,,,,,,,,,
kalau tol nkve dari sungai buloh ke shah alam tutup juga ke,,,,,,,,,,,,,,
terbaik PMX..berebut negara luar nak dtg n jmput PMX..zaman midin mna Ada mcm ni,,,,,,,,,,,,,,
kte ade kenduri 24 hrbln....aduiiiiii,,,,,,,,,,,,,,
cara penutupan nie betul menyusahkan dan terbaik buat kerajaan plak takkan org yg kerja kat kl nak g kerja jam 4 pagi,,,,,,,,,,,,,,
Tolong semua company bagi WFH ??,,,,,,,,,,,,,,
siapa yang sambut baik tu. sampai banyak jalan tutupnye woi,,,,,,,,,,,,,,
Sambut baik kalau dpt cuti umum. Jgn menyusahkan rakyat dah lah!,,,,,,,,,,,,,,
macam mana rider grab kat sana nak lalu,,,,,,,,,,,,,,
"""dr selayang nk ke bangi mcm mana ?? hari2 aku lalu jalan istana, jalan kuching , jalan ipoh tuuu ????????""",,,,,,,,,,,,,,
menyusah kn rakyat ekk,,,,,,,,,,,,,,
??????menyusahkan orang,,,,,,,,,,,,,,
menyusahkan dah la kena pergi hospital??,,,,,,,,,,,,,,
cuti la klu gini,,,,,,,,,,,,,,
Giler tutup jln bukit bintang ??,,,,,,,,,,,,,,
dia dpt mana statement rkyt sokong penutupan jln demi sidang² tu..??,,,,,,,,,,,,,,
"""28hb pagi ada appointment doctor kat bangsar, dari semenyih-bangsar.. ada jalan yg terlibat ke ek ? ??""",,,,,,,,,,,,,,
????????????masak la....,,,,,,,,,,,,,,
Acik dia sambut baik,,,,,,,,,,,,,,
Cuti umum je la semua wilayah perseketuan,,,,,,,,,,,,,,
kalau balik ganu nak lalu mana,,,,,,,,,,,,,,
bile MASA pulak dismbut baik??,,,,,,,,,,,,,,
Cam mana nak pergi kerja dekat TRX mcm ni.,,,,,,,,,,,,,,
weh abang aku nikah kat putrajaya,,,,,,,,,,,,,,
naik komuter lrt.mrt laa nampaknya,,,,,,,,,,,,,,
delivery confirm off punya kalau cm ni??,,,,,,,,,,,,,,
Apesal tak terpikir declare jer WP cuti..?,,,,,,,,,,,,,,
Mcm mnolah aku nk g kerja niiiii,,,,,,,,,,,,,,
ttp sbb dia ajk putin mari.presiden cina pun mari kot..,,,,,,,,,,,,,,
Kiranya malam bole lalu ke,,,,,,,,,,,,,,
Saya ada present fyp 26 tu cana tu ????,,,,,,,,,,,,,,
Tren mesti padat nanti...Harap tren2 x de problem...Smooth...??,,,,,,,,,,,,,,
selalu jalan tutup kalau ada kenduri kahwin ngn marhaban taman jea..yg ni sampai nk dekat seminggu,,,,,,,,,,,,,,
Selangor KL Seremban wfh jela semua..senang..,,,,,,,,,,,,,,
org keje kl kan susah nak pegi ni nk lalu mana lahai,,,,,,,,,,,,,,
Rakyat mna ???,,,,,,,,,,,,,,
"""23-26 hb tu kalau ko lukis atas map kan, satu selangor dengan kl jalan tutup bhai""",,,,,,,,,,,,,,
So Ada free shuttle helicopter ?,,,,,,,,,,,,,,
"""Argghh pishang aku, dh ler aku keje site. Semua snrai jalan aku laluan aku ke tempat keje...??""",,,,,,,,,,,,,,
perghhh mantap. terbaik,,,,,,,,,,,,,,
buat di sekitar putrajaya dah la..ni buat tgh kl mmg menyusahkan ramai org,,,,,,,,,,,,,,
sapa yg kata kami sambut baik ?????,,,,,,,,,,,,,,
Siapa yg sambut baik tu. Menipu je kerja news2 ni ??,,,,,,,,,,,,,,
Mana yg jalan tutup spi xleh g kerja work from home.. Mana kilang2 kena kuasa batin nak handle.. Hahaha,,,,,,,,,,,,,,
macam2 Zaman Madani ni,,,,,,,,,,,,,,
ha?? sambut baik jalan tutup? lain macam kau hahaha,,,,,,,,,,,,,,
"""menyusahkan kan rakyat lagi , kerajaan sebelom2 ni xde cmni""",,,,,,,,,,,,,,
Bas nak lalu mana dua je highway utama jangan tutup sampai menyusahkan,,,,,,,,,,,,,,
"""kerajaan gagal, kerja nyusahkan Rakyat je...jadi ko nak kitaorng gi kerja pakai pintu Doraemon ke??""",,,,,,,,,,,,,,
Menyusahkan org betull??,,,,,,,,,,,,,,
@ayumi.aziz,,,,,,,,,,,,,,
??????,,,,,,,,,,,,,,
@John Wick,,,,,,,,,,,,,,
@Iza Aziz,,,,,,,,,,,,,,
"""@welddio rissma",,,,,,,,,,,,,,
,,,,,,,,,,,,,,
"cmna tuu""",,,,,,,,,,,,,,
"""@Norzie Ezuriyanty",,,,,,,,,,,,,,
,,,,,,,,,,,,,,
@Nazurah Qistina,,,,,,,,,,,,,,
,,,,,,,,,,,,,,
"@akeznana""",,,,,,,,,,,,,,
"""@mylitteshine",,,,,,,,,,,,,,
,,,,,,,,,,,,,,
"sambut baik eh ??""",,,,,,,,,,,,,,
"""@Faruq Rasiman",,,,,,,,,,,,,,
,,,,,,,,,,,,,,
"mcm mana nk g keje tu""",,,,,,,,,,,,,,
@Ezzat,,,,,,,,,,,,,,
??????,,,,,,,,,,,,,,
????????,,,,,,,,,,,,,,
??,,,,,,,,,,,,,,
??,,,,,,,,,,,,,,
??????,,,,,,,,,,,,,,
??,,,,,,,,,,,,,,
??,,,,,,,,,,,,,,
??,,,,,,,,,,,,,,
??????,,,,,,,,,,,,,,
????????,,,,,,,,,,,,,,
??????,,,,,,,,,,,,,,
??,,,,,,,,,,,,,,
??????,,,,,,,,,,,,,,
??,,,,,,,,,,,,,,
??????,,,,,,,,,,,,,,
??,,,,,,,,,,,,,,
@dinda??.??,,,,,,,,,,,,,,
??????,,,,,,,,,,,,,,
@Iqwan07,,,,,,,,,,,,,,
"""@Taty Ezera",,,,,,,,,,,,,,
,,,,,,,,,,,,,,
"@Fatin Nasuha""",,,,,,,,,,,,,,
"""@Asrul_Achoy",,,,,,,,,,,,,,
,,,,,,,,,,,,,,
"rasa macam kena je jalan kita nak gi tu ??""",,,,,,,,,,,,,,
bagaimana pula dgn jemaah haji yg nak ke Movenpick,,,,,,,,,,,,,,
"""ok jom dok umah je layan Netflix??btw online mandarin ??class for zero mandarin working adults????? here, free 2 hrs class",,,,,,,,,,,,,,
Takkan dari pukul 7 smpi 8 tu tutup je tak buka buka sementara,,,,,,,,,,,,,,
esok laluan klia ttup sampai pukul brpa? ada yg tau takk?,,,,,,,,,,,,,,
sambut baik?? jap.. wait.. hold,,,,,,,,,,,,,,
"""maaf tanya kalau pukul 5.30pagi gerak ke airport dari bangi, okay kan?""",,,,,,,,,,,,,,
Aku nak ke klia weh.. 28hb tu.. Jem jap nak ikut jalan mana,,,,,,,,,,,,,,
Ada jalan alternatif lain ke dari ara damansara nak ke masjid negara pukul 8 pagi?,,,,,,,,,,,,,,
"""company aku siap bagi memo, kalau lewat dtg kerja kena tindakan tatatertib. arghh peduli apa aku. nak hantar ank2 aku l",,,,,,,,,,,,,,
"""Putrajaya punye la besar...tgh2 ceruk kl jgk kau letak..dgn org nk g keje..lps tu claim rakyat sokong...eh ..nk di caru",,,,,,,,,,,,,,
"""Patut buat kt putrajaya tu kwasan besa, airport dekat nk jugak ke kl????""",,,,,,,,,,,,,,
diorang yang guna train takleh ke ??,,,,,,,,,,,,,,
"""Dia mcm main mercun time raya la, bukan selalu pun ??????""",,,,,,,,,,,,,,
kul mcm ni sebelum subuh AQ dh terpacak kat Kila 2..24/5..,,,,,,,,,,,,,,
jgn jadi ....menyemakan aje menyusahkan rakyat,,,,,,,,,,,,,,
Bagi coti larrrrr,,,,,,,,,,,,,,
siapa yg sambut dgan baik..saya tak sambut dgan baik..sebab kacau nk buat kerja.. melambatkan buat kerja ..nak hantar ba,,,,,,,,,,,,,,
Rakyat ada pilihan ke? B06o4,,,,,,,,,,,,,,
diorg ni ttp smpai kol bapa sbnryaa,,,,,,,,,,,,,,
bengong btol.. mnyusahkan rkyt,,,,,,,,,,,,,,
Baik?? Tok mung,,,,,,,,,,,,,,
owhh patut lah jalan banyak baik pulih.?? pokok pon dorang potong ??,,,,,,,,,,,,,,
dari duta nak balik cheras.sakit mat tadi jalan....?? kiwak betul,,,,,,,,,,,,,,
Pening la rider nak cari jalan,,,,,,,,,,,,,,
Tak setuju pun… lrt and mrt confirm sesak.. pastu mula la breakdown sana sini,,,,,,,,,,,,,,
"""Yg pasti menteri n pagawai2 yg plan ni xde akal,tau mudah kerja xpk rakyat.""",,,,,,,,,,,,,,
Fakta cari mna laa cai non nih cari,,,,,,,,,,,,,,
"""Nak hebat lg bg la ph sepanjang meeting tu, senang sume x g keje lepak tepi beach jer ??""",,,,,,,,,,,,,,
pelik2 zaman madani ni,,,,,,,,,,,,,,
"""buat apa nk tutup, menyusahkan rakyat, kan lagi senang Minta pertolongkan angkatan tentera Malaysia ascoot, lagi terjam",,,,,,,,,,,,,,
apply cuti dan M.C dan ponteng siap²...bakal menyusahkan..??????,,,,,,,,,,,,,,
sambut baik kepala abah Dia.,,,,,,,,,,,,,,
embah mu lah,,,,,,,,,,,,,,
bagi cuti je biar semua tak terlibat duduk rumah je tak keluar buat jammed,,,,,,,,,,,,,,
Buat je la kt perlis. Kt pulau tioman ke pulau langkawi ke apa ke. Kokdiang ke. Hurm,,,,,,,,,,,,,,
tipu je??,,,,,,,,,,,,,,
terbang jum,,,,,,,,,,,,,,
blik kmpg la,,,,,,,,,,,,,,
kenapa kerajaan PH makin lm makin bebal???....,,,,,,,,,,,,,,
Celah mana sambut baik mcm hanat ada??,,,,,,,,,,,,,,
"""amat pelik kerajaan ni..MENYUSAH KN RAKYAT..ni nama ny """"kera kat hutan di susu kn anak kat umah biau kebulur""""""",,,,,,,,,,,,,,
Kami smbut baik kalau bg wfh... ????????,,,,,,,,,,,,,,
????aku tgk ramai maki kenapa ckp sambut baik memang putar belit,,,,,,,,,,,,,,
26 nanti nak gi flight huhu mcam man ni.. dah lah bnyk barang dengan anak2 sekali,,,,,,,,,,,,,,
masalah nye sy hantar barang lalu semua laluan tu...hahahah...,,,,,,,,,,,,,,
madani,,,,,,,,,,,,,,
buat kat KLIA cukup.,,,,,,,,,,,,,,
"""hbs laa aku,dah laa grab kl...hurmmm,lps tu cust bising,vendor bsg..dapat lak customer non malaysia,xfaham bahasa..masa",,,,,,,,,,,,,,
buat kacau jela diorg ni main tutup2 jalan. ??,,,,,,,,,,,,,,
Alhamdulillah.. Helicopter kt garage da lame x pakai.. Bole da start panas enjin..,,,,,,,,,,,,,,
kompeni iols kasi 2 days WFH..bahagia,,,,,,,,,,,,,,
bagi PH je lain kali,,,,,,,,,,,,,,
"""WFH jelah korang, nk gi ofis pun xleh nih""",,,,,,,,,,,,,,
"""Dari KLIA 2 ke genting, aman?""",,,,,,,,,,,,,,
Macam mna dr nilai nk ke klang ya,,,,,,,,,,,,,,
"""Ikut jln Nilai-Banting, awk naik WCE. Nanti kluar kat Raja Muda""",,,,,,,,,,,,,,
strt kol 7 PG ke..da spe2 taw flight kol 720 pg,,,,,,,,,,,,,,
Cemana nak go to midvalley area dari setapak?????? jalan yang tutup tu ie jalan yang aku tauuuu????,,,,,,,,,,,,,,
sy nk ke PABKL 25&26 jalan mana ya boleh lalu.??,,,,,,,,,,,,,,
"""Nak tanya.. Kalau dari tol sg besi nak ke setiawangsa, jalan tutup juga x?""",,,,,,,,,,,,,,
guys nak gi klia2 ni jalan buka tak????,,,,,,,,,,,,,,
nk ke gombak cmne.. nk balik kg ni oii,,,,,,,,,,,,,,
"""Jenuh laa, siapa nak hantar jemaah haji tuu""",,,,,,,,,,,,,,
Asean ni diorg buat dekat mne,,,,,,,,,,,,,,
kalau dari gombak nak ke bangi jalan tutup tak ?,,,,,,,,,,,,,,
"""mslhnya, orang ramai divert ke jln yg tak tutup, so still jln jem. kecuali ramai lock down di rumah. sy ada kenduri kaw",,,,,,,,,,,,,,
Anyone tahu untuk ke KLIA dari Selangor,,,,,,,,,,,,,,
sy nk pi pwtc pesta buku weekend ni ada tak jln lain utk ke sna.mna yg thu info2 tau??,,,,,,,,,,,,,,
24 dh majlis wedding sy ?? harap berjalan dgn lancar la time ii cmni la nk buat,,,,,,,,,,,,,,
Anyone tahu jalan alternatif from Gombak - Putrajaya?,,,,,,,,,,,,,,
"""Lalu Mrr2, guna Tol Besraya lalu serdang. Ini laluan ke office sy setiap hr dr ukay perdana""",,,,,,,,,,,,,,
"""lebuh klia tu mmg tutup sepenuhnya ke ,saya dgn 4 luggage+2 anak kecik mcm mn ye,xkan nk naik train??""",,,,,,,,,,,,,,
kalau nak pi bentong pahang macam mane dari KL,,,,,,,,,,,,,,
ada sesiapa tahu jalan alternatif dari ipoh ke saujana utama.? minta tolong sesiapa yang boleh bantu,,,,,,,,,,,,,,
28 mei tu tutup sampai kul brapa,,,,,,,,,,,,,,
Dahlah aku kene gi KLIA kul 9 pagi esok??,,,,,,,,,,,,,,
kalau nkve nak exit ke subang airport pun tutup ke?,,,,,,,,,,,,,,
bgtau la jalan alternatid nk g klia,,,,,,,,,,,,,,
Anyone tahu jalan alternative from sg buloh ke bangsar?? ??,,,,,,,,,,,,,,
28hb macam mana nak ke stadium nasional? Apa jln alternative ??,,,,,,,,,,,,,,
esok boleh jee jln bro.. diorg dah habis meeting hari nie.. Ade yg dah balik..,,,,,,,,,,,,,,
"""Nak tnya, kalo nk gi movenpick hotel mcm mana? Sy dri johor nk hntr org gi haji ??""",,,,,,,,,,,,,,
betul.. exit nilai lepas tu lalu lebuhan dagang ke dengkil.. nanti terus sampai movenpick,,,,,,,,,,,,,,
bgitau jalan yg boleh gi ke pbakl ?,,,,,,,,,,,,,,
"""Kalau drp Melaka nak ke Puchong terlibat tak? Kalau terlibat, nak kena lalu mana ya? Please advise ??""",,,,,,,,,,,,,,
okay jalan alternatif mana dari puncak alam nak ke bandar puteri puchong. come on gais.,,,,,,,,,,,,,,
Sape yang duk putrajaya tu kalau nak gi alamanda macam mana doh,,,,,,,,,,,,,,
nak tanya duke tutup ke kalau nk ke setapak,,,,,,,,,,,,,,
Dari kota warisan ke putra perdana puchong lalu ikut serdang ok ke?,,,,,,,,,,,,,,
Nak tnya klau dari tol gombak ke kinrara puchong tutup x?,,,,,,,,,,,,,,
"""26mei, dari gombak ke klia macam mana ya ? ada yg boleh bagitahu ?""",,,,,,,,,,,,,,
dari SPE ke tol sungai besi tutup jugak ke?,,,,,,,,,,,,,,
Dah kenapa nk sesak kan KL yg dah sedia sesak. Putrajaya tu punya la luas buat la kat sana.. Pusat pentadbir patut buat,,,,,,,,,,,,,,
hari² biasa pun dah hadap jem ini kan pulak bny jln tutup ...mmg mendapatlah semua ...,,,,,,,,,,,,,,
"""aku memang tak faham logic tu kat mana ,bukit bintang KL dah biasa jem sekarang tutup jalan lagi =jem+jem??""",,,,,,,,,,,,,,
Kalau nilai nak ke tun razak macam mana weh. Aku,,,,,,,,,,,,,,
Agak2 tutup sebelom kul 8 pagi ke selepas? Ke kul 6 pagi dah tutup??,,,,,,,,,,,,,,
28 tu sampai jam berapa ya?,,,,,,,,,,,,,,
"""berapa ramai yg bertanya,menyusahkan Rakyat betul??????""",,,,,,,,,,,,,,
"""Semoga yg wfo tu dpt wfh jenuh nak hadap jem?? Btw mencari yg serius nak belajar mandarin nak bercakap dgn bos or client",,,,,,,,,,,,,,
tol sungai besi tu pun akan ditutup ke?,,,,,,,,,,,,,,
nak tanya ???????kalau dr sg buloh nak g shah alam boleh guna laluan mana ya ??,,,,,,,,,,,,,,
kalau dari kl ke kajang nak lalu jalan mana ye tak tutup,,,,,,,,,,,,,,
saya kerja Kajang ke Rawang setiap hari.. ermm.. hari biasa pun menangis layan jem.. emrmm??,,,,,,,,,,,,,,
Share juga Jalan alternatif,,,,,,,,,,,,,,
klau dari Semenyih ke Putrajaya kat Presint 3 rasa2 terkena ke...,,,,,,,,,,,,,,
anyone tahu dari universiti malaya ke axiata arena tutup jalan tak ?,,,,,,,,,,,,,,
Kalau pergi KLIA2 jm7:50 jln buka x,,,,,,,,,,,,,,
Buatlah pencerahan betul jalan tutup sampai jam berapa 28 ni.. Nak g KLIA masa tu,,,,,,,,,,,,,,
Dari jln duta ke bukit jelutong tutup ke,,,,,,,,,,,,,,
Sape tau mcm mana dari seri kembangan ke selayang?,,,,,,,,,,,,,,
kecoh tul korng ni yg nk blik kampung esok nk tutup jalan bagai dah kenape menyusah kan orng yg nk gi keje lgi,,,,,,,,,,,,,,
nak pergi uniten dari shah alam macam mana eh? ??,,,,,,,,,,,,,,
aduhai byk tutup ni..kalau nak pergi midvalley ikut jalan mana?sb ada check up,,,,,,,,,,,,,,
at least dah awal bgtau... blh planning awal??,,,,,,,,,,,,,,
"""wehh nak tnya,kalau nk ke hosp putrajaya tu boleh lalu mana lagi selain elite ?""",,,,,,,,,,,,,,
mmg 3pagi den kluar rumah nnti ??,,,,,,,,,,,,,,
"""dri cheras ke klia2 , jalan tutup tk??""",,,,,,,,,,,,,,
tolong bantu kejap member nk balik gawai. dari melaka ke klia ade jalan alternative tak? Flight jam 6 petang,,,,,,,,,,,,,,
Dari bangi ke tol gombak boleh lalu ke,,,,,,,,,,,,,,
Kalau nak ke bangi lepas tak? Nak ikut jalan mana? dari melaka,,,,,,,,,,,,,,
"""esok 23/5 mlmnya nk g ambik prent kt klia2, sy dr sg buloh.. jln tutup x ek laluan biasa tu. Sy ni dh la xtau sgt jln,",,,,,,,,,,,,,,
klau dari johor nak prgi ke puncak alam esk lepas ke?,,,,,,,,,,,,,,
"""bsok flight jam 4 petang, boleh lagi ke lalu gi KLIA dr Kota Damansara""",,,,,,,,,,,,,,
"""26hb , flight pkul 1 ptg . Kalau dari PJ , ada jalan yg tutup ke utk prgi ke KLIA . Risau trtinggal flight kalau lambat",,,,,,,,,,,,,,
may 25 mcm mne ye..hr ahad jln tutup juga ke?,,,,,,,,,,,,,,
laluan nkve ke lotus dmnsara bleh lalu kn sblm pkul 7 pgi. ada saoe tau,,,,,,,,,,,,,,
nak tau 28 hb tu sampai jam berapa tutup.sebab dari perak nak ke klia flight jam 830mlm.,,,,,,,,,,,,,,
office aku kat jalan sultan ismail.. aku start hari ni lagi dah pergi kerja naik train.. huhu,,,,,,,,,,,,,,
@adolihsan: dari putrajaya nak ke rawang boleh lalu tak ? ada suggestion route tak ? ????,,,,,,,,,,,,,,
esok..dr Ampang ke alor star cam ne ye?ada sape2 tau,,,,,,,,,,,,,,
"""kalau 24 flight mlm,dri perak okey ker gerK guna bas""",,,,,,,,,,,,,,
Dari Batang Kali nak ke pd lalu highway mana ye,,,,,,,,,,,,,,
laluan ke kl sentral ttp jgkke?,,,,,,,,,,,,,,
Jalan dari batu caves ke bandar utama terlibat kee??,,,,,,,,,,,,,,
Sesiapa boleh lukis x still x paham nak ikut jalan mana yg tak yg tutup,,,,,,,,,,,,,,
22hb ni jalan dari klia tengahari nak ke gombak agak2 tutup ke eh,,,,,,,,,,,,,,
"""utk 23hb tu mksdnya 7am tu dh tutup, sapa tau sampai jam brp buka semula ya utk 23hb esok, sbb m esok nk ambik parent k",,,,,,,,,,,,,,
"""ni satu punca aq dah LA nak isi barang lori 23 Mei,kowt mana nak lalu pown tak tau main road semua tutup serupa 1000 bi",,,,,,,,,,,,,,
"""aduh tak psl2 la bos Dan kwan aku gerak pg2 buta nak p airport esok,kua Dr uma kul 4pgi..sdgkan ticket kul 2ptg,suami s",,,,,,,,,,,,,,
Tarikh adik saya iv ipg tu..??,,,,,,,,,,,,,,
dari subang-tamarind square nak lalu mana ye,,,,,,,,,,,,,,
"""hi, nak tanya kalau dr bangar ke putrajaya tutup jugakan . lalu mane je eh bole lg ?""",,,,,,,,,,,,,,
"""Kalau dari shah alam nk ke klia mcam mana yaa 26hb ni. Flight pkul 7 pagi ni. Kesian kt adik je sbb dia ada kelas pkul",,,,,,,,,,,,,,
"""sape tau jalan nak ke Samtar Banting, sy nak ke sana jumaat ptg slps jam 6.""",,,,,,,,,,,,,,
Lalu skve,,,,,,,,,,,,,,
kalau dari melaka nk ke klia 28hb pun xboleh ke???,,,,,,,,,,,,,,
28 may ni fullday tutup la kiranya?,,,,,,,,,,,,,,
"""Dalam banyak2 info, ni yang paling bagus sebab bagi info jangkaan waktu ????""",,,,,,,,,,,,,,
28hb may Dari kajang ke KLIA2 jam 4 ptng jln bole lalu kan?.. Sbb flight jam 8 mlm..,,,,,,,,,,,,,,
Kalau dari teluk panglima garang nak ke ulu klang boleh ke? Area wangsa maju,,,,,,,,,,,,,,
harini jalan dari bangi nak ke kl dh start tutup ke ??,,,,,,,,,,,,,,
alamk esok ptg sy dr melaka ad makeup pengtin kat pj tutup ke ??,,,,,,,,,,,,,,
KITA ADA PUTRAJAYA. JANGAN MENYUSAHKAN GAKYAT,,,,,,,,,,,,,,
Kalau dari setiawangsa ke Klia pada 27 hb jam 0400 sempat tak? Ke laluan tutup ??,,,,,,,,,,,,,,
highway gce tutup juga ke esok,,,,,,,,,,,,,,
Dr Tg.malim ke Nilai ade masalah x?,,,,,,,,,,,,,,
klau dri kjng nk ke ptrajaya tkde mslh kn sbb ade interview 26/5 ni,,,,,,,,,,,,,,
Waze akan tolong sesiap avoid jalan yg berkaitan tak ? Tak reti la nak cari jalan lain selain yg waze bagi ?????,,,,,,,,,,,,,,
xblago angin aku la,,,,,,,,,,,,,,
ada sesiapa tahu kalau dari Gombak-Axiata jalan mana saya boleh lalu? terima kasih,,,,,,,,,,,,,,
jika dari nilai nk ke klia macm mne ye,,,,,,,,,,,,,,
Nak tanya jln ke airpot subang dari shah alam terlibat ke ? Jika terlibat Ada alternatif jln lain ke?,,,,,,,,,,,,,,
dari bentong ke kajang & kajang ke bentong ada jalan tutup ke? selalu balik kajang lalu ampang tu,,,,,,,,,,,,,,
Semoga majlis berjalan lancar & diberi kejayaan ????Amin ya rabbal alamin.. Demi ??????????,,,,,,,,,,,,,,
kalau jalan Dari klia ke Klang pun kena tutup ke?,,,,,,,,,,,,,,
dari Selayang nk klia2 agak² ade alternative grab ..please anyone ????,,,,,,,,,,,,,,
23 tu tutup mana dulu. Dedua arah ke ape,,,,,,,,,,,,,,
cam mana nk gi kerja Seremban- Putrajaya ni?? ade jaln lain ke,,,,,,,,,,,,,,
anyone tahu tak kalau dari nilai nak ke gombak ok tak?,,,,,,,,,,,,,,
nak tanya kalau dari klia nak ke ampang lalu mana? tolongggggg saya ada majlis tunang sabtu ni takut takdan nak gerak pa,,,,,,,,,,,,,,
22 x tutup ke tolong sesiapa Tau sya dri Klang,,,,,,,,,,,,,,
Dr sungai buloh nak ke bangsar macam mana? Ada laluan alternative?,,,,,,,,,,,,,,
Nak g ioi putrajaya!!! Tutup tk esok????,,,,,,,,,,,,,,
Kalau dr taman melawati nk labu n9 lalu mn ye? Tau x plis help me,,,,,,,,,,,,,,
jalan duta tu tutup ke? kalau tutup kwn sy yg dri situ nk balik kedah boleh ke?,,,,,,,,,,,,,,
ada yang tau tak jalan alternatif ke pasar seni sbb esk nak tngk kawan kite bertanding ada event kat sana,,,,,,,,,,,,,,
ada siapa siapa tahu laluan alternatif nak ke shah alam sekysen 18 tak? if dari rawang? ??,,,,,,,,,,,,,,
so kalau gerak before 7am jalan still open lah kan?,,,,,,,,,,,,,,
28 Mei tuu dari pkul 8 pagi smpai pkul brpe ek,,,,,,,,,,,,,,
mcm mne nak g klia dari melaka ?? first time nak g sne .. spe tahu jalan alternatif lain?,,,,,,,,,,,,,,
kalau dari Seremban ke ipoh mne nk llu sok nk blik jmpe suami .dh lh pjj sbln skli bru jmpe ??,,,,,,,,,,,,,,
"""Aku kerja area bukit bintang ni , dari ampang nak lalu celah bedah mana ???????""",,,,,,,,,,,,,,
kalau cakap start jam7 tutup jam 6 bole lalu lagi?,,,,,,,,,,,,,,
dari serdang ke rawang..ikut jln mana??..jln sabtu ni...????,,,,,,,,,,,,,,
Intermittent arrival tu mcm mana? Kalau sabtu 24 mei nak pergi Nusaputra dari seremban? Hm ada Jalan lain ke,,,,,,,,,,,,,,
Kalau bas jalan malam sampai kui 5 pagi should be ok ka sbb 8 pagi baru tutup kan 28 tu,,,,,,,,,,,,,,
25/5 tutup juga ke pergi klia fly kiter 25/5,,,,,,,,,,,,,,
jalan nak pergi my town tutup tak hari jumaat ni ? ??,,,,,,,,,,,,,,
Kl to shah alam jalan alternatif macamana?,,,,,,,,,,,,,,
kalau dr pandan indah nak ke pj area Dato' harun tak effect kan?,,,,,,,,,,,,,,
Kalau dari one selayang nak ke IKN boleh lalu jalan mana?,,,,,,,,,,,,,,
"""Guys, dari sentul nak ke wtc okay je kan lalu jln sultan azlan shah tu ? Bukan jln pahang.""",,,,,,,,,,,,,,
"""Nk pi pesta buku , dah tempah hotel kat sna mcm mna nk pergi ni ..""",,,,,,,,,,,,,,
idea siapa la pulak ??,,,,,,,,,,,,,,
Kalau dari shah alam nak ke cyberjaya putrajaya semua tutup ke,,,,,,,,,,,,,,
Dari sungai besi ke tol gombak bleh lalu x?? Kita xtau sgt bab2 jalan kl ni??,,,,,,,,,,,,,,
"""dlm byk² jln, highway utama tu jugak ditutupnya ??..atleast bgtahu la jln mana blh lalu""",,,,,,,,,,,,,,
anyone know bangi-puncak perdana? tembus elite exit bsp ke?,,,,,,,,,,,,,,
serabut la,,,,,,,,,,,,,,
dari sg buloh nk ke klia2 24/5 . someone help ??,,,,,,,,,,,,,,
nk attend wedding cousin..25hb ngam2 plk tu kt jalan ampang..berpusing2 laa nnti..hadap jammed lagiii..matilanakkk,,,,,,,,,,,,,,
mesti pekat jem jumaat ni??,,,,,,,,,,,,,,
28hb tu pagi boleh lalu ke nak menghala ke klia2 dri melaka,,,,,,,,,,,,,,
28 tutup sampai malam juga ke...kita org ada flight 28 may 9pm..plz info,,,,,,,,,,,,,,
Ada yang tau macam mana nak pergi hospital UPM dari setapak?,,,,,,,,,,,,,,
kalau dari putrajaya nak ke subang exit mnaa yea,,,,,,,,,,,,,,
hala ibu kota je kaan tutup ? shah allam nak ke sgbuloh takde hal en ?? tlng sorg jaawab,,,,,,,,,,,,,,
kalau dari kuala selangor nk ke cyberjaya ada lalu jalan yang tutup ke ye ?,,,,,,,,,,,,,,
federal tak tutup ke. mesti jeeeeem,,,,,,,,,,,,,,
Dari trx nak ke ceylonz suites macam mana ya? Ada yang tahu?,,,,,,,,,,,,,,
Dari SRI sentosa ke KL central tutup ke,,,,,,,,,,,,,,
klau naik train pon x leh jgk ke,,,,,,,,,,,,,,
Maka kita kena naik MRT,,,,,,,,,,,,,,
Naik motor pun samaaa tak leh LALU,,,,,,,,,,,,,,
"""Kalau nak ke negeri sembilan, drpd sg besi, nak ikut laluan mana?""",,,,,,,,,,,,,,
siapa tahu jalan alternative dr melaka ke klia,,,,,,,,,,,,,,
Tutup masa diaorg nak lalu di jalan raya jer xsampai 10 minit..boleh nak keluar kemana2,,,,,,,,,,,,,,
"""7am tutup sampi jam berpa buka pagi tu ye.. bos xbg wfh, masuk lambat 9.30 katanya""",,,,,,,,,,,,,,
Adoi kenapa la tak buat Kat Putrajaya? ??,,,,,,,,,,,,,,
Yg tol sungai besi tu lebuhraya KL-Seremban ye ?,,,,,,,,,,,,,,
kalau dr shah alam nk ke seremban kacau jgk x,,,,,,,,,,,,,,
besok ada tutup jalan tak?,,,,,,,,,,,,,,
gerak awal sebelum jalan tutup...,,,,,,,,,,,,,,
Raptai start 21hb. Maknanya esok dah start tutup jalan juga ke ?,,,,,,,,,,,,,,
22 aku g airport lepas ker????,,,,,,,,,,,,,,
28hb tu tutup sampai kul brp???,,,,,,,,,,,,,,
28 tu Tengahari nak ke putra perdana still tutup jalan ke,,,,,,,,,,,,,,
"""Dr utara nk ke kg baru petang Sabtu, jln tutup X? esoknya Ahad pagi² nk naik LRT ke PBAKL""",,,,,,,,,,,,,,
kena g office juga!! Majikan tak bagi pun wfh ni ??????,,,,,,,,,,,,,,
Kalau nak pergi klia on the 24th tu mcm mane nak pergi ?,,,,,,,,,,,,,,
kerajaan tk reti jaga lalulintas klu mcn ni ...dulu tun m buat ada nk ttp sgat jln ..??????,,,,,,,,,,,,,,
klu dari subang nk ke sg besi blh ke..ikut jalan Klang lama,,,,,,,,,,,,,,
maksudnya 27hb nak ke klia takda masalah kan?,,,,,,,,,,,,,,
awat tk buat trus je lockdow kan senang...ni lgi SSH kejo,,,,,,,,,,,,,,
Hi.ada sapa2 blh tlg info kh.sbb kta dr sarawak.dr klia2 ke icity shah alm nnti.any suggestion route mna n transport apa,,,,,,,,,,,,,,
@wifepethroes ok on KLIA pgi,,,,,,,,,,,,,,
@shahkeyell @mohdashabuladnin,,,,,,,,,,,,,,
@Rebekah ???? @Guna?? @raph_j,,,,,,,,,,,,,,
@huzairyzainuddin1,,,,,,,,,,,,,,
??,,,,,,,,,,,,,,
??????,,,,,,,,,,,,,,
??,,,,,,,,,,,,,,
??,,,,,,,,,,,,,,
@ayumi.aziz,,,,,,,,,,,,,,
??,,,,,,,,,,,,,,
??,,,,,,,,,,,,,,
??,,,,,,,,,,,,,,
??????,,,,,,,,,,,,,,
??????,,,,,,,,,,,,,,
??,,,,,,,,,,,,,,
@ayumi.aziz ni dah tag,,,,,,,,,,,,,,
??,,,,,,,,,,,,,,
??,,,,,,,,,,,,,,
@Aminem,,,,,,,,,,,,,,
Kalau dari jb nak ke klia 2 pun tutup juga ke jalan?,,,,,,,,,,,,,,
24 & 25 tak ada dlm list..kira ok lah kn.,,,,,,,,,,,,,,
itu termasukla kak 23-26 / dash tu maksud sehingga .kalau tak termasuk dia akan tulis 23&26 .,,,,,,,,,,,,,,
"""nak tanya,, kalau nk g upsi tanjung malim ikot mana lg blh? guthrie dan nkve tutup""",,,,,,,,,,,,,,
kalau kereta yang dari Ipoh nak ke Semenyih nak ikut jalan mana,,,,,,,,,,,,,,
??????,,,,,,,,,,,,,,
??????,,,,,,,,,,,,,,
??????,,,,,,,,,,,,,,
??,,,,,,,,,,,,,,
??,,,,,,,,,,,,,,
??,,,,,,,,,,,,,,
??????,,,,,,,,,,,,,,
??,,,,,,,,,,,,,,
??,,,,,,,,,,,,,,
??????,,,,,,,,,,,,,,
??????,,,,,,,,,,,,,,
??????,,,,,,,,,,,,,,
@ayumi.aziz,,,,,,,,,,,,,,
??,,,,,,,,,,,,,,
??,,,,,,,,,,,,,,
??,,,,,,,,,,,,,,
??,,,,,,,,,,,,,,
??????,,,,,,,,,,,,,,
??????,,,,,,,,,,,,,,
??????,,,,,,,,,,,,,,
??????,,,,,,,,,,,,,,
@John Nathan,,,,,,,,,,,,,,
??,,,,,,,,,,,,,,
??,,,,,,,,,,,,,,
??????,,,,,,,,,,,,,,
@?????????? ????????? @??????????????16??,,,,,,,,,,,,,,
@Bella senang sikit nk faham,,,,,,,,,,,,,,
??????,,,,,,,,,,,,,,
??????,,,,,,,,,,,,,,
??,,,,,,,,,,,,,,
??????,,,,,,,,,,,,,,
??,,,,,,,,,,,,,,
??????,,,,,,,,,,,,,,
??????,,,,,,,,,,,,,,
??????,,,,,,,,,,,,,,
??????,,,,,,,,,,,,,,
??????,,,,,,,,,,,,,,
??????,,,,,,,,,,,,,,
??,,,,,,,,,,,,,,
??????,,,,,,,,,,,,,,
??????,,,,,,,,,,,,,,
??????,,,,,,,,,,,,,,
??,,,,,,,,,,,,,,
??,,,,,,,,,,,,,,
??????,,,,,,,,,,,,,,
??,,,,,,,,,,,,,,
@Nur Hazwani,,,,,,,,,,,,,,
@ayumi.aziz,,,,,,,,,,,,,,
@ayumi.aziz,,,,,,,,,,,,,,
??,,,,,,,,,,,,,,
??????,,,,,,,,,,,,,,
@<?? @Aiman?? @Njhh ???? @wannorshaz @??Elara?????,,,,,,,,,,,,,,
"""@kiedacrepetour",,,,,,,,,,,,,,
"@kiedacrepetourr @kiedacrepehouse jalan2 yg di tutup""",,,,,,,,,,,,,,
@Buungaa,,,,,,,,,,,,,,
"""28hb flight ke KLIA 1 jam 3pm, Bawa laggage 4 anak² kecik, memang tak dpt la guna ERL. 28hb tutup jln sampai pukul bera",,,,,,,,,,,,,,
28 May tu nak ke KLIA tutup mula pukul 8 pagi sampai pukul brpa ye?,,,,,,,,,,,,,,
esok jalan tutup sampai pukul brpa sebab petang esok kita nak pergi ke KLIA ada sesiapa tahu,,,,,,,,,,,,,,
Tempat rakyat cari makan la sibuk nak tutup sana sini sampai menyusah kan pergerakan..malaysia ni punya lah besar kau pe,,,,,,,,,,,,,,
fungsi putrajaya ? pusat pentadbiran xkn x boleh bersidang ? smpai ke jalan imbi masuk . delegasi nak tapau damascus ke,,,,,,,,,,,,,,
Dr n9 ke klia 2 jgn la tutup!!!!aku nk hantar laki aku gi balik Sarawak!!!!suruh polis ikut la!!!senang!! Bkn ko sorang,,,,,,,,,,,,,,
payah la nk gi pbakl gini,,,,,,,,,,,,,,
pishang kje dkt prince court??,,,,,,,,,,,,,,
Bwk siyell je??,,,,,,,,,,,,,,
buat le kt perlis. kan senang. dari KLIA kumpul. naik bas ramai2.. skali jalan g perlis.,,,,,,,,,,,,,,
Mmpos 5 hari yg china ritu pon dah jem teruk. Ni lagi confirm jem dari ritu ??,,,,,,,,,,,,,,
knp la x naik je heli kan sng!!!!!! xd la korang ttup jln lalu atas je??,,,,,,,,,,,,,,
"""menipu, 27.5 lebuhraya Elite tak de langsung dalam senarai, ni apa ni????...fail lahhh""",,,,,,,,,,,,,,
28hb tu smpai pkl brpa ttp??? Sbb sy 28hb tu smpai klia pkl 4ptg nk masuk KL ada urusan… dh booking n byr pn hotel semua,,,,,,,,,,,,,,
??????,,,,,,,,,,,,,,
??????,,,,,,,,,,,,,,
??????,,,,,,,,,,,,,,
??,,,,,,,,,,,,,,
??????,,,,,,,,,,,,,,
??,,,,,,,,,,,,,,
??,,,,,,,,,,,,,,
??,,,,,,,,,,,,,,
??,,,,,,,,,,,,,,
??,,,,,,,,,,,,,,
@Muhammad Afif,,,,,,,,,,,,,,
??,,,,,,,,,,,,,,
??????,,,,,,,,,,,,,,
??????,,,,,,,,,,,,,,
??????,,,,,,,,,,,,,,
??????,,,,,,,,,,,,,,
@ayumi.aziz bace tu kak. Jgn nk komen je pandai.,,,,,,,,,,,,,,
??????,,,,,,,,,,,,,,
??????,,,,,,,,,,,,,,
??????,,,,,,,,,,,,,,
??,,,,,,,,,,,,,,
??????,,,,,,,,,,,,,,
"""jika laluan yg ditutup itu hanya satu laluan ke hospital, mcm mn ye?""",,,,,,,,,,,,,,
Penat ah ginni,,,,,,,,,,,,,,
booking skybridge klcc utk family pukul 10.30...ada jalan alternatif lain x?,,,,,,,,,,,,,,
waktu NIE org srwak dari smnjung nk balik Gawai..waktu niela pla buat event...akaiiii,,,,,,,,,,,,,,
??????,,,,,,,,,,,,,,
??????,,,,,,,,,,,,,,
??????,,,,,,,,,,,,,,
Kami walaun sanggup duduk dalam gua,,,,,,,,,,,,,,
??,,,,,,,,,,,,,,
"""diorang update kt google map je boleh tak. leceh betul la nak kena tengok sendiri ni. dah biasa laluan tu je, tiberr na",,,,,,,,,,,,,,
mcm mn nk g kerja ni...jln ttp tmpat selalu lalu plk tu ..adoi lh hai,,,,,,,,,,,,,,
@wan@taufik,,,,,,,,,,,,,,
Bangi - bangsar lps x wey????????,,,,,,,,,,,,,,
"""Pdrm ni mmg bebal ke? Sebelum ini byk juga evebt yg lebih besar dr asean meeting ni, takda pulak smpai tutup 5 lebuhray",,,,,,,,,,,,,,
"""Nanti adalah menteri minta maaf kerana menyusahkan rakyat",,,,,,,,,,,,,,
"Tahun ni jalan ditutup,roadtax x payah bayar untuk tahun ni""",,,,,,,,,,,,,,
Buang duit rakyat jer,,,,,,,,,,,,,,
ðŸ˜‚,,,,,,,,,,,,,,
Nk buat kja pon ssah..hbs tutup semua jln,,,,,,,,,,,,,,
"""Apa guna putrajaya yang buat mahal2. .waah mentang2 orang kerajaan pangkat besar2  dah duduk sana. .sampai tanak bagi p",,,,,,,,,,,,,,
Sepatutnya sidang ASEAN di buat dekat Putrajaya,,,,,,,,,,,,,,
Org malaysia pemaaf,,,,,,,,,,,,,,
Menyusahkan jerr,,,,,,,,,,,,,,
Bila pemimpin2 negara kerdil uruskan negara,,,,,,,,,,,,,,
Bagi cuti je laaaaa... susahkan org je.. terperangkap dlm jammed.. tunggu lama.. masuk lambat kena marah dgn bos lagi..,,,,,,,,,,,,,,
Peak Malaysian Police,,,,,,,,,,,,,,
meeting yg menhabiskan karipap je,,,,,,,,,,,,,,
Zaman sebelumÂ² ni xde seteruk macam zaman pm semburit ni...,,,,,,,,,,,,,,
Pishangg,,,,,,,,,,,,,,
Puak2 liberal memang dah biasa menyusahkan rakyatðŸ˜‚ðŸ˜‚,,,,,,,,,,,,,,
Tak buat apa pon tetap jem jalan siang smpai ke mlm..tambah lagi ada sidang geng dajjal sedunia..lagi bertambah teruk da,,,,,,,,,,,,,,
Menyusahkan rakyat,,,,,,,,,,,,,,
Cipap lah...,,,,,,,,,,,,,,
"""amboii..teruk benor,dh mcm malaikat nak dtg""",,,,,,,,,,,,,,
Cukai jalan potong 25% la ye,,,,,,,,,,,,,,
Buat kat gunung ledang je nyambil2 hiking.,,,,,,,,,,,,,,
Ape lee benda pasal Tu jer nak tutup hampeii..,,,,,,,,,,,,,,
"""ape gile menyusahkn org nk g kerja, gomen umum la bg cuti rasmi, serabut la benda2 cenggini, xkn nk kuar umah pkul 6 pa",,,,,,,,,,,,,,
Baik ngko ttup smua jalan tu..tmasuk jalan kampung. Bengong. Pi buat kat tgh kL lpas tu tak psal2 smua kne ttup jalan. B,,,,,,,,,,,,,,
"""nasib baik kami warga Pulau Pinang tidak terkesan sama sekali dgn ASEAN nie, tanah besar Province Wellesley dgn Penang(",,,,,,,,,,,,,,
Sidang kemuncak asean ke46,,,,,,,,,,,,,,
"""Buat je kat istana agung, ada agung buat apa? Buat perhiasan je ke, haha.""",,,,,,,,,,,,,,
"""Delegasi negara negara asean harap disediakan payung sejurus tiba di KLIA",,,,,,,,,,,,,,
,,,,,,,,,,,,,,
Takut basah kepala..,,,,,,,,,,,,,,
Bukan apa...,,,,,,,,,,,,,,
Musim hujan...,,,,,,,,,,,,,,
"Ekekekekekeke....""",,,,,,,,,,,,,,
Baik bagi cuti tutup macamne urusannya penduduk..,,,,,,,,,,,,,,
Sbb Mega sangat? Just ASEAN.,,,,,,,,,,,,,,
Mcm bingai plak nak pikirkan ...tak menyusahkan rakyat tak boleh ke?,,,,,,,,,,,,,,
Ini hnya peringkat asean belum lgi yg lebih besar.mungkin secara berperingkat kot.bkn sepnjang masa.,,,,,,,,,,,,,,
Lepas ni tak payah la undi anwar lagi...zaman Tun M & PM lain tak de la menyusahkan rakyat sampai mcm ni...sampai tutup,,,,,,,,,,,,,,
"""Tutup semua jalan lah,,nak pergi kerja jalan kaki,,tambah sihaðŸ¤­???""",,,,,,,,,,,,,,
nampak sgt tak cerdik nya zaman MADANI ni,,,,,,,,,,,,,,
Poyo lbey sibokkn org luar anggota dan anak2 anggota pi soolah naik truk buruk puihhh,,,,,,,,,,,,,,
Cilake kerajaan madani,,,,,,,,,,,,,,
"""Pergh. Sapa punya idea mcm ni. Tak balance langsung utk org awam. Dah makin maju, cara penyelesaian masih kebelakang lg",,,,,,,,,,,,,,
"""PM2 sebelum ni x pernah pun nyusahkan rakyat...",,,,,,,,,,,,,,
Ni siap tutup jalan..tutup sekolah...,,,,,,,,,,,,,,
MENYUSAHKANNN.....!!!,,,,,,,,,,,,,,
"Ada menteri pun semua b@d@h2 x leh pakai...""",,,,,,,,,,,,,,
"""Hari biasa pun jemmm cam katak, kalau tutup habislah.",,,,,,,,,,,,,,
"Ah doooooi menyusahkan org ramai...""",,,,,,,,,,,,,,
Lain kali buat kat Kota Bharu,,,,,,,,,,,,,,
Harap di beri cuti utk lima hari tersebut utk semua. Bagi menghurmati dan menghargai persidangan yg amat amat teramat pe,,,,,,,,,,,,,,
Tutup je semua jalan... Senang kerja... Bagi semua orang cuti selama beberapa hari... Kerajaan banyak duit takkanlah kro,,,,,,,,,,,,,,
Kerajaan ketimbang memang suka menyusahkan rakyat.,,,,,,,,,,,,,,
Buat la kat putrajaya Sana..macam takde akal kerajaan ni,,,,,,,,,,,,,,
Muskatim banyak sgt tutup.ðŸ¤”,,,,,,,,,,,,,,
"""Gila betul ...orang nak cari makan pun susah ..",,,,,,,,,,,,,,
"6 hari jam teruk ini ....""",,,,,,,,,,,,,,
"""Tutup semua saja, LOL,""",,,,,,,,,,,,,,
"""Semua ni musibah...Tunggu ja banyak lagi menanti....Kalau kita permudahkan urusan orang ,Allah swt akan permudahkan uru",,,,,,,,,,,,,,
tutup semua la lg bagus,,,,,,,,,,,,,,
Otak mereka letak mana aku pun tak tahu..rakyat no 2 kot..ðŸ˜‚ btl2 mangkaqqq,,,,,,,,,,,,,,
Bahlul yg kerja dgn pmx ni ! Yang baca pembaca berita pn bahalol,,,,,,,,,,,,,,
"""Buat PICC putrajaya mahalÂ², jauh dari sesak, kat tengah-tengah KL jugak ko nak buat. Tapi ok la, office aku sebelah co",,,,,,,,,,,,,,
Seronoknya madaniðŸ˜‚ðŸ˜‚ðŸ¤«ðŸ¤«,,,,,,,,,,,,,,
Apa benda la hangpa ni!! P la buat jauh2 dari tempat2 hot ni... putrajaya ada buatAPA?????????????????ðŸŽ‰ðŸŽ‰ðŸŽ‰ðŸŽ‰ðŸ,,,,,,,,,,,,,,
kita jadi penganjur ne kena bijak jugak.. kl tu nadi ekonomi. tutup sana sini orang cari makan dol,,,,,,,,,,,,,,
Nak meeting pun takkan sampai perlu menyusahkan rakyat. Bahlul punya pemimpin....,,,,,,,,,,,,,,
Employers should be considerate by allowing employees to wfh,,,,,,,,,,,,,,
Minta ada lencongan setiap jalan yg disekat bg mudah mereka yg tidak mau menunggu dan pastikan dibawah jambatan utk penu,,,,,,,,,,,,,,
Menyusahkan org je,,,,,,,,,,,,,,
Madanon dok buat sempoi serupa bapak dia punya negara,,,,,,,,,,,,,,
Kenapa tak perkenalkan kereta terbang.,,,,,,,,,,,,,,
Congratulations Astro Congratulations ðŸ‘ðŸ‘ðŸ‘ðŸŽ‰ðŸŽ‰ðŸŽ‰ 2 MðŸŽ‰ðŸŽ‰ðŸŽ‰ðŸŽ‰ðŸŽ‰,,,,,,,,,,,,,,
Perjumpaan 9naga pada 25mei,,,,,,,,,,,,,,
Mcmne dia kaji ttup jln xtau..pening2. Nk g kje kna ikut jauh la jwab dia,,,,,,,,,,,,,,
"""Tutup negara je terus, bagi darurat ðŸ˜‚ðŸ˜‚ðŸ˜‚""",,,,,,,,,,,,,,
putrajaya ada kenapa tak buat di putrajaya ??? dah kenapa kerajaan sekarang ini,,,,,,,,,,,,,,
Takan delegasi asean ni akan merayau kat semua laluan ni,,,,,,,,,,,,,,
Menyusahkan rakyat,,,,,,,,,,,,,,
Semak je lah dorang ni nak datang takde faedah sesen pun untuk rakyat. Kann...,,,,,,,,,,,,,,
"""Menyusah kan rakyat je, BYK sgt tutup""",,,,,,,,,,,,,,
Bangunan Thunderbolt kat KL.. kena faham laa.. wakil2 negara Asean nak gak selfie kat situðŸ˜Š,,,,,,,,,,,,,,
Rasanya sebelum ini buat kat Langlawi.,,,,,,,,,,,,,,
bab*..simpel,,,,,,,,,,,,,,
Tak habis2 nak menyusahkan rakyat,,,,,,,,,,,,,,
Kalau nak gi klia mcm mana ya,,,,,,,,,,,,,,
Knapa lah tak buat je event kt Putrajaya..kan senang je semua satu tempat.  Putrajaya International Convention Centre ka,,,,,,,,,,,,,,
Adoii gempak tak agak2...knp nak susahkan rakyat.,,,,,,,,,,,,,,
Tak berlebihan ke sampai nak tutup jalan?,,,,,,,,,,,,,,
"""Jalan berlubang, tak ada menteri pun kesah nak tutup ðŸ˜¢""",,,,,,,,,,,,,,
nasib baik aku dalam penjara. Ada aku kisah.,,,,,,,,,,,,,,
Jangan saja tutup jalan dan pihak polis pulak yg jadi mangsa jalanrayaã€‚ã€‚ã€‚,,,,,,,,,,,,,,
Kecoh la ko yg comment2 ni..penting sangat ke ko..org nak bersidang asean ni hormat la sikit bingai..,,,,,,,,,,,,,,
Adakah penutupan jalan ini akan memberi kesan kepada perjalanan para jemaah haji yang akan ke KLIA?,,,,,,,,,,,,,,
Kerajaan tak bijak..hanya tau menyusahkan rakyat je,,,,,,,,,,,,,,
Adoii. KL tu pusat ekonomi. Kalau tutup mmg naya publik  nk carik rezeki. Putrajaya tu kan lagi mudah. Mmg pusat pentadb,,,,,,,,,,,,,,
"""Punya la nak bodek negara2 ASEAN, nanti boleh dapat pelaburan ber""""biliun2"""" ðŸ˜‚ðŸ˜‚ðŸ˜‚.. Singapore & Vietnam juga ma",,,,,,,,,,,,,,
Polis sepatutnya tutup semua lebuhraya di semenanjung Malaysia Dan laluan ruangan udara Malaysia ðŸ˜…,,,,,,,,,,,,,,
Crazy,,,,,,,,,,,,,,
Kenapa buat dekat tngah2 pusat bandar? Putrajaya tu kn pusat pentadbiran,,,,,,,,,,,,,,
Xde manfaat tuk rakyat...still idup papa kedana...kos sara idup makin tiggi...kannyer bersidang rini....sok luse gaji na,,,,,,,,,,,,,,
Public transport system failed ?,,,,,,,,,,,,,,
"""Msa ni baru korang tahu best ke x tinggal kat ibu negara. Best ke x ada acara besar2 kat tempat korang? Klu nk buat aca",,,,,,,,,,,,,,
Kerjaan plik benda ni nak tutup pulak kantoi lah cam ni ðŸ˜…ðŸ˜‚,,,,,,,,,,,,,,
Haha diorg bukan kesah pun kt rakyat nk jd apaðŸ˜‚ðŸ˜‚,,,,,,,,,,,,,,
Merepek meraban...emmmm,,,,,,,,,,,,,,
Masa komanwel dulu byk jalan tutup tp knp org bising pun.dulu masa covid boleh plak duduk rumah,,,,,,,,,,,,,,
Umum cuti la...kalau tak aku mogok cuti...tu hari xi ping datang 4-5jam sangkut oi...,,,,,,,,,,,,,,
Macam mana kita orang nak pergi kerja???,,,,,,,,,,,,,,
Aduhai. Lain kali nk mesyuarat buatla dekat Kelantan. Sana tak sesak,,,,,,,,,,,,,,
"""Malaysia untung sehari berbilion2 dgn hasil port, pembalakan, pegeboman dkt bukit, ambil atrium, pembalakan, minyak, sa",,,,,,,,,,,,,,
,,,,,,,,,,,,,,
,,,,,,,,,,,,,,
"RAKYAT ADA HAK UNTUK MENUNTUT KALAU TAKMAU, HANTAR KETENTERAAN KE GAZA""",,,,,,,,,,,,,,
Ni kilajaan KETIMBANG VTEC terubok skrg ni betui2 menyusahkn pengguna jln Raya siot la,,,,,,,,,,,,,,
Kjaan baru lbh byk mnyusahkan rakyat. Mcm la kjaan dulu x pernah buat juga sidang2 ni...,,,,,,,,,,,,,,
Nasib baik keja aku dekat je ðŸ˜…,,,,,,,,,,,,,,
banyak sangat jalan raya nak di tutup baik batalkan saja sidang kemuncak ASEAN jika tak penting...,,,,,,,,,,,,,,
Aduii..naik helicopter je la...,,,,,,,,,,,,,,
Kalu boleh hidup jgn susahkan rakyat cari alternatif lain yg boleh membuat rakyat happy.,,,,,,,,,,,,,,
adoiii menyusahkan la mcmni org nak kerja..susah la ini macam..sakit kepala pikir..buat dekat putrajaya saja dah la,,,,,,,,,,,,,,
Bala bala zaman madani,,,,,,,,,,,,,,
Gila la,,,,,,,,,,,,,,
ðŸ˜‚tak pernah ye..berlaku..masa duluuu..baru faham ye..selepas mengundi kenapa gomen Yg dulu jadik pembangkang..rupa ny,,,,,,,,,,,,,,
Ini lh penting nya LRT.,,,,,,,,,,,,,,
Tutup sbb apa?,,,,,,,,,,,,,,
Bagi cuti jer,,,,,,,,,,,,,,
BETUL2 MENYUSAHKAN....,,,,,,,,,,,,,,
"""ikut suka korang la ...",,,,,,,,,,,,,,
rakyat bayar cukai dpt bala ..,,,,,,,,,,,,,,
"bukan dpt kemudahan..""",,,,,,,,,,,,,,
Mengarut! Nk tutup jln bagai.,,,,,,,,,,,,,,
Bagi la diskaun tuk lrt,,,,,,,,,,,,,,
Orang nak gi airport masa cuti sekolah tu macam mana??,,,,,,,,,,,,,,
Declare public holiday lah.... Tak yah aku lalu situ ðŸ˜‚,,,,,,,,,,,,,,
Lain kali jangan buat mesyuarat di KL buat mesyuarat di pulau Langkawi tak menyusak orang,,,,,,,,,,,,,,
sma la..tutup jg antara jln tu,,,,,,,,,,,,,,
tringt zaman covid dlu ðŸ˜‚,,,,,,,,,,,,,,
nti time mengundi kita semua tgok Netflix d rumah xyah keluar mngundiðŸ˜‚,,,,,,,,,,,,,,
bg cuti je sng...org xde la buang masa atas jalan...xpun bg je work from home....,,,,,,,,,,,,,,
Bayar cukai dan cukai jalan untuk disusahkan ðŸ˜‚,,,,,,,,,,,,,,
"""Tutup semua la jalan,sebabnya mesyuarat tu yang bayar cukai..kali amak""",,,,,,,,,,,,,,
rsa mcm x perlu ttup suma..klo btul pndi plan okay je..stop la menyusahkn org awam..apa pn jd org awam tetap perlu kuar,,,,,,,,,,,,,,
Macam mana nak pergi kerja? ðŸ¤”,,,,,,,,,,,,,,
Benggong,,,,,,,,,,,,,,
Sewa heli ratus juta guna untuk pribadi ke..?,,,,,,,,,,,,,,
"""Andai sakiranya jalan itu talah ditutup, mahaka ka manakah phatik, hamwa rakyat yang mananggung wawan chukai ini, harus",,,,,,,,,,,,,,
Manyak susah ini macam maaa....,,,,,,,,,,,,,,
Apa guna Putrajaya menggantikan KL sebagai  ibu kota pentadbiran baru kerajaan Persekutuan yg di bina untuk elak kesesak,,,,,,,,,,,,,,
Menyusahkannnnnnnnnnn apa laaa,,,,,,,,,,,,,,
menyusahkan orang tak habis2.,,,,,,,,,,,,,,
Napa kerajaan baru ni pelik..sebelum ni tak de pulak tutup jalan teruk cam ni,,,,,,,,,,,,,,
"""Duduk kat bandaraya kena reda je lah,,,,ðŸ˜‚""",,,,,,,,,,,,,,
Bakpe byok sgt tutup.ðŸ˜® 6 hari weh.,,,,,,,,,,,,,,
buat nanya orang nak buat urusan....,,,,,,,,,,,,,,
Mana ada kera peduli masalah rakyat,,,,,,,,,,,,,,
Semoga dipermudahkan segala urusan kita semua. Aamiin,,,,,,,,,,,,,,
mudahan allah permudahkan segala urusan mereka,,,,,,,,,,,,,,
Tak perlu tutup jln.buat kat Putrajaya je.jln sesekali pun tak boleh ditutup .bila mereka nak senangkan kerja mereka Aje,,,,,,,,,,,,,,
Hari tu presiden China datang jln tutup sikit je itu pun sehari dua...tapi walaun punyalah bising habis isu bangsa agama,,,,,,,,,,,,,,
Menyusahkan betul lah,,,,,,,,,,,,,,
Jnuh la ..kita pemandu teksi dan pemandu grab..,,,,,,,,,,,,,,
